https://dx.doi.org/doi:10.14288/1.0305726	
https://dx.doi.org/doi:10.14288/1.0107473
https://dx.doi.org/doi:10.14288/1.0107487
https://dx.doi.org/doi:10.14288/1.0357366
https://dx.doi.org/doi:10.14288/1.0041751
https://dx.doi.org/doi:10.14288/1.0305728
https://dx.doi.org/doi:10.14288/1.0052234
https://dx.doi.org/doi:10.14288/1.0077860
https://dx.doi.org/doi:10.14288/1.0415897
https://dx.doi.org/doi:10.14288/1.0415900
https://dx.doi.org/doi:10.14288/1.0415899
https://dx.doi.org/doi:10.14288/1.0415898
https://dx.doi.org/doi:10.14288/1.0415902
https://dx.doi.org/doi:10.14288/1.0415905
https://dx.doi.org/doi:10.14288/1.0415907
https://dx.doi.org/doi:10.14288/1.0415906
https://dx.doi.org/doi:10.14288/1.0415925
https://dx.doi.org/doi:10.14288/1.0415950
https://dx.doi.org/doi:10.14288/1.0415967
https://dx.doi.org/doi:10.14288/1.0107508
https://dx.doi.org/doi:10.14288/1.0357359
https://dx.doi.org/doi:10.14288/1.0380325
https://dx.doi.org/doi:10.14288/1.0415974
https://dx.doi.org/doi:10.14288/1.0416010
https://dx.doi.org/doi:10.14288/1.0108039
https://dx.doi.org/doi:10.14288/1.0380798
https://dx.doi.org/doi:10.14288/1.0132527
https://dx.doi.org/doi:10.14288/1.0380326
https://dx.doi.org/doi:10.14288/1.0380789
https://dx.doi.org/doi:10.14288/1.0357435
https://dx.doi.org/doi:10.14288/1.0415968
https://dx.doi.org/doi:10.14288/1.0103094
https://dx.doi.org/doi:10.14288/1.0380681
https://dx.doi.org/doi:10.14288/1.0380735
https://dx.doi.org/doi:10.14288/1.0108013
https://dx.doi.org/doi:10.14288/1.0103046
https://dx.doi.org/doi:10.14288/1.0395868
https://dx.doi.org/doi:10.14288/1.0413532
https://dx.doi.org/doi:10.14288/1.0103609
https://dx.doi.org/doi:10.14288/1.0064709
https://dx.doi.org/doi:10.14288/1.0357438
https://dx.doi.org/doi:10.14288/1.0415958
https://dx.doi.org/doi:10.14288/1.0102603
https://dx.doi.org/doi:10.14288/1.0102627
https://dx.doi.org/doi:10.14288/1.0305064
https://dx.doi.org/doi:10.14288/1.0056571
https://dx.doi.org/doi:10.14288/1.0355472
https://dx.doi.org/doi:10.14288/1.0076050
https://dx.doi.org/doi:10.14288/1.0058454
https://dx.doi.org/doi:10.14288/1.0415914
https://dx.doi.org/doi:10.14288/1.0107507
https://dx.doi.org/doi:10.14288/1.0042688
https://dx.doi.org/doi:10.14288/1.0077839
https://dx.doi.org/doi:10.14288/1.0416012
https://dx.doi.org/doi:10.14288/1.0064762
https://dx.doi.org/doi:10.14288/1.0357462
https://dx.doi.org/doi:10.14288/1.0380787
https://dx.doi.org/doi:10.14288/1.0107748
https://dx.doi.org/doi:10.14288/1.0107749
https://dx.doi.org/doi:10.14288/1.0103089
https://dx.doi.org/doi:10.14288/1.0077825
https://dx.doi.org/doi:10.14288/1.0415895
https://dx.doi.org/doi:10.14288/1.0415894
https://dx.doi.org/doi:10.14288/1.0415901
https://dx.doi.org/doi:10.14288/1.0415913
https://dx.doi.org/doi:10.14288/1.0415918
https://dx.doi.org/doi:10.14288/1.0415919
https://dx.doi.org/doi:10.14288/1.0415924
https://dx.doi.org/doi:10.14288/1.0415927
https://dx.doi.org/doi:10.14288/1.0415944
https://dx.doi.org/doi:10.14288/1.0415949
https://dx.doi.org/doi:10.14288/1.0415951
https://dx.doi.org/doi:10.14288/1.0415954
https://dx.doi.org/doi:10.14288/1.0415955
https://dx.doi.org/doi:10.14288/1.0415959
https://dx.doi.org/doi:10.14288/1.0415966
https://dx.doi.org/doi:10.14288/1.0415970
https://dx.doi.org/doi:10.14288/1.0415975
https://dx.doi.org/doi:10.14288/1.0415979
https://dx.doi.org/doi:10.14288/1.0415983
https://dx.doi.org/doi:10.14288/1.0415987
https://dx.doi.org/doi:10.14288/1.0415993
https://dx.doi.org/doi:10.14288/1.0415994
https://dx.doi.org/doi:10.14288/1.0416000
https://dx.doi.org/doi:10.14288/1.0416005
https://dx.doi.org/doi:10.14288/1.0416011
https://dx.doi.org/doi:10.14288/1.0416013
https://dx.doi.org/doi:10.14288/1.0102621
https://dx.doi.org/doi:10.14288/1.0107470
https://dx.doi.org/doi:10.14288/1.0366947
https://dx.doi.org/doi:10.14288/1.0380712
https://dx.doi.org/doi:10.14288/1.0132754
https://dx.doi.org/doi:10.14288/1.0300180
https://dx.doi.org/doi:10.14288/1.0388692
https://dx.doi.org/doi:10.14288/1.0397351
https://dx.doi.org/doi:10.14288/1.0107483
https://dx.doi.org/doi:10.14288/1.0107502
https://dx.doi.org/doi:10.14288/1.0107505
https://dx.doi.org/doi:10.14288/1.0108012
https://dx.doi.org/doi:10.14288/1.0357361
https://dx.doi.org/doi:10.14288/1.0224060
https://dx.doi.org/doi:10.14288/1.0407290
https://dx.doi.org/doi:10.14288/1.0415904
https://dx.doi.org/doi:10.14288/1.0415903
https://dx.doi.org/doi:10.14288/1.0415908
https://dx.doi.org/doi:10.14288/1.0415910
https://dx.doi.org/doi:10.14288/1.0415915
https://dx.doi.org/doi:10.14288/1.0415917
https://dx.doi.org/doi:10.14288/1.0415920
https://dx.doi.org/doi:10.14288/1.0415923
https://dx.doi.org/doi:10.14288/1.0415926
https://dx.doi.org/doi:10.14288/1.0415931
https://dx.doi.org/doi:10.14288/1.0415934
https://dx.doi.org/doi:10.14288/1.0415935
https://dx.doi.org/doi:10.14288/1.0415937
https://dx.doi.org/doi:10.14288/1.0415938
https://dx.doi.org/doi:10.14288/1.0415942
https://dx.doi.org/doi:10.14288/1.0415945
https://dx.doi.org/doi:10.14288/1.0415946
https://dx.doi.org/doi:10.14288/1.0415952
https://dx.doi.org/doi:10.14288/1.0415953
https://dx.doi.org/doi:10.14288/1.0415956
https://dx.doi.org/doi:10.14288/1.0415957
https://dx.doi.org/doi:10.14288/1.0415962
https://dx.doi.org/doi:10.14288/1.0415963
https://dx.doi.org/doi:10.14288/1.0415964
https://dx.doi.org/doi:10.14288/1.0415965
https://dx.doi.org/doi:10.14288/1.0415969
https://dx.doi.org/doi:10.14288/1.0415971
https://dx.doi.org/doi:10.14288/1.0415973
https://dx.doi.org/doi:10.14288/1.0415976
https://dx.doi.org/doi:10.14288/1.0415978
https://dx.doi.org/doi:10.14288/1.0415980
https://dx.doi.org/doi:10.14288/1.0415984
https://dx.doi.org/doi:10.14288/1.0415988
https://dx.doi.org/doi:10.14288/1.0415989
https://dx.doi.org/doi:10.14288/1.0415991
https://dx.doi.org/doi:10.14288/1.0415992
https://dx.doi.org/doi:10.14288/1.0415995
https://dx.doi.org/doi:10.14288/1.0415996
https://dx.doi.org/doi:10.14288/1.0415998
https://dx.doi.org/doi:10.14288/1.0416004
https://dx.doi.org/doi:10.14288/1.0416006
https://dx.doi.org/doi:10.14288/1.0416009
https://dx.doi.org/doi:10.14288/1.0305062
https://dx.doi.org/doi:10.14288/1.0075864
https://dx.doi.org/doi:10.14288/1.0415896
https://dx.doi.org/doi:10.14288/1.0415909
https://dx.doi.org/doi:10.14288/1.0415928
https://dx.doi.org/doi:10.14288/1.0415930
https://dx.doi.org/doi:10.14288/1.0415932
https://dx.doi.org/doi:10.14288/1.0415933
https://dx.doi.org/doi:10.14288/1.0415936
https://dx.doi.org/doi:10.14288/1.0415939
https://dx.doi.org/doi:10.14288/1.0415943
https://dx.doi.org/doi:10.14288/1.0415948
https://dx.doi.org/doi:10.14288/1.0415977
https://dx.doi.org/doi:10.14288/1.0415985
https://dx.doi.org/doi:10.14288/1.0415997
https://dx.doi.org/doi:10.14288/1.0415999
https://dx.doi.org/doi:10.14288/1.0416001
https://dx.doi.org/doi:10.14288/1.0416003
https://dx.doi.org/doi:10.14288/1.0416007
https://dx.doi.org/doi:10.14288/1.0416008
https://dx.doi.org/doi:10.14288/1.0064703
https://dx.doi.org/doi:10.14288/1.0076491
https://dx.doi.org/doi:10.14288/1.0224809
https://dx.doi.org/doi:10.14288/1.0355470
https://dx.doi.org/doi:10.14288/1.0064753
https://dx.doi.org/doi:10.14288/1.0102602
https://dx.doi.org/doi:10.14288/1.0102604
https://dx.doi.org/doi:10.14288/1.0108014
https://dx.doi.org/doi:10.14288/1.0380734
https://dx.doi.org/doi:10.14288/1.0107454
https://dx.doi.org/doi:10.14288/1.0107846
https://dx.doi.org/doi:10.14288/1.0076382
https://dx.doi.org/doi:10.14288/1.0107468
https://dx.doi.org/doi:10.14288/1.0372504
https://dx.doi.org/doi:10.14288/1.0102632
https://dx.doi.org/doi:10.14288/1.0107484
https://dx.doi.org/doi:10.14288/1.0058456
https://dx.doi.org/doi:10.14288/1.0103048
https://dx.doi.org/doi:10.14288/1.0303096
https://dx.doi.org/doi:10.14288/1.0103042
https://dx.doi.org/doi:10.14288/1.0380683
https://dx.doi.org/doi:10.14288/1.0103034
https://dx.doi.org/doi:10.14288/1.0077857
https://dx.doi.org/doi:10.14288/1.0077859
https://dx.doi.org/doi:10.14288/1.0041748
https://dx.doi.org/doi:10.14288/1.0380728
https://dx.doi.org/doi:10.14288/1.0077861
https://dx.doi.org/doi:10.14288/1.0077871
https://dx.doi.org/doi:10.14288/1.0107972
https://dx.doi.org/doi:10.14288/1.0102634
https://dx.doi.org/doi:10.14288/1.0041755
https://dx.doi.org/doi:10.14288/1.0380741
https://dx.doi.org/doi:10.14288/1.0103036
https://dx.doi.org/doi:10.14288/1.0077846
https://dx.doi.org/doi:10.14288/1.0077858
https://dx.doi.org/doi:10.14288/1.0041744
https://dx.doi.org/doi:10.14288/1.0102623
https://dx.doi.org/doi:10.14288/1.0040936
https://dx.doi.org/doi:10.14288/1.0380788
https://dx.doi.org/doi:10.14288/1.0103033
https://dx.doi.org/doi:10.14288/1.0103035
https://dx.doi.org/doi:10.14288/1.0077800
https://dx.doi.org/doi:10.14288/1.0076083
https://dx.doi.org/doi:10.14288/1.0076305
https://dx.doi.org/doi:10.14288/1.0366946
https://dx.doi.org/doi:10.14288/1.0107752
https://dx.doi.org/doi:10.14288/1.0107958
https://dx.doi.org/doi:10.14288/1.0355489
https://dx.doi.org/doi:10.14288/1.0107225
https://dx.doi.org/doi:10.14288/1.0400757
https://dx.doi.org/doi:10.14288/1.0052309
https://dx.doi.org/doi:10.14288/1.0041732
https://dx.doi.org/doi:10.14288/1.0103063
https://dx.doi.org/doi:10.14288/1.0064729
https://dx.doi.org/doi:10.14288/1.0076331
https://dx.doi.org/doi:10.14288/1.0076465
https://dx.doi.org/doi:10.14288/1.0320868
https://dx.doi.org/doi:10.14288/1.0103631
https://dx.doi.org/doi:10.14288/1.0376645
https://dx.doi.org/doi:10.14288/1.0064719
https://dx.doi.org/doi:10.14288/1.0076329
https://dx.doi.org/doi:10.14288/1.0076471
https://dx.doi.org/doi:10.14288/1.0076024
https://dx.doi.org/doi:10.14288/1.0076026
https://dx.doi.org/doi:10.14288/1.0076045
https://dx.doi.org/doi:10.14288/1.0076062
https://dx.doi.org/doi:10.14288/1.0076072
https://dx.doi.org/doi:10.14288/1.0076108
https://dx.doi.org/doi:10.14288/1.0076139
https://dx.doi.org/doi:10.14288/1.0076217
https://dx.doi.org/doi:10.14288/1.0076289
https://dx.doi.org/doi:10.14288/1.0107495
https://dx.doi.org/doi:10.14288/1.0103076
https://dx.doi.org/doi:10.14288/1.0355663
https://dx.doi.org/doi:10.14288/1.0107828
https://dx.doi.org/doi:10.14288/1.0378885
https://dx.doi.org/doi:10.14288/1.0107724
https://dx.doi.org/doi:10.14288/1.0380722
https://dx.doi.org/doi:10.14288/1.0064724
https://dx.doi.org/doi:10.14288/1.0076353
https://dx.doi.org/doi:10.14288/1.0076446
https://dx.doi.org/doi:10.14288/1.0076477
https://dx.doi.org/doi:10.14288/1.0076090
https://dx.doi.org/doi:10.14288/1.0076166
https://dx.doi.org/doi:10.14288/1.0076220
https://dx.doi.org/doi:10.14288/1.0076245
https://dx.doi.org/doi:10.14288/1.0076258
https://dx.doi.org/doi:10.14288/1.0076297
https://dx.doi.org/doi:10.14288/1.0107479
https://dx.doi.org/doi:10.14288/1.0107493
https://dx.doi.org/doi:10.14288/1.0228790
https://dx.doi.org/doi:10.14288/1.0107698
https://dx.doi.org/doi:10.14288/1.0040934
https://dx.doi.org/doi:10.14288/1.0076538
https://dx.doi.org/doi:10.14288/1.0371846
https://dx.doi.org/doi:10.14288/1.0376802
https://dx.doi.org/doi:10.14288/1.0376528
https://dx.doi.org/doi:10.14288/1.0103061
https://dx.doi.org/doi:10.14288/1.0391987
https://dx.doi.org/doi:10.14288/1.0389849
https://dx.doi.org/doi:10.14288/1.0389851
https://dx.doi.org/doi:10.14288/1.0389852
https://dx.doi.org/doi:10.14288/1.0415834
https://dx.doi.org/doi:10.14288/1.0107925
https://dx.doi.org/doi:10.14288/1.0107926
https://dx.doi.org/doi:10.14288/1.0107934
https://dx.doi.org/doi:10.14288/1.0107935
https://dx.doi.org/doi:10.14288/1.0107938
https://dx.doi.org/doi:10.14288/1.0107939
https://dx.doi.org/doi:10.14288/1.0107940
https://dx.doi.org/doi:10.14288/1.0107941
https://dx.doi.org/doi:10.14288/1.0107942
https://dx.doi.org/doi:10.14288/1.0107943
https://dx.doi.org/doi:10.14288/1.0107944
https://dx.doi.org/doi:10.14288/1.0107945
https://dx.doi.org/doi:10.14288/1.0107946
https://dx.doi.org/doi:10.14288/1.0064727
https://dx.doi.org/doi:10.14288/1.0076411
https://dx.doi.org/doi:10.14288/1.0077892
https://dx.doi.org/doi:10.14288/1.0103041
https://dx.doi.org/doi:10.14288/1.0413791
https://dx.doi.org/doi:10.14288/1.0107815
https://dx.doi.org/doi:10.14288/1.0107955
https://dx.doi.org/doi:10.14288/1.0107954
https://dx.doi.org/doi:10.14288/1.0107956
https://dx.doi.org/doi:10.14288/1.0107960
https://dx.doi.org/doi:10.14288/1.0107959
https://dx.doi.org/doi:10.14288/1.0107961
https://dx.doi.org/doi:10.14288/1.0107963
https://dx.doi.org/doi:10.14288/1.0107962
https://dx.doi.org/doi:10.14288/1.0107964
https://dx.doi.org/doi:10.14288/1.0107965
https://dx.doi.org/doi:10.14288/1.0107967
https://dx.doi.org/doi:10.14288/1.0107968
https://dx.doi.org/doi:10.14288/1.0107969
https://dx.doi.org/doi:10.14288/1.0107970
https://dx.doi.org/doi:10.14288/1.0076307
https://dx.doi.org/doi:10.14288/1.0380800
https://dx.doi.org/doi:10.14288/1.0107653
https://dx.doi.org/doi:10.14288/1.0107655
https://dx.doi.org/doi:10.14288/1.0107662
https://dx.doi.org/doi:10.14288/1.0300184
https://dx.doi.org/doi:10.14288/1.0388501
https://dx.doi.org/doi:10.14288/1.0396027
https://dx.doi.org/doi:10.14288/1.0406252
https://dx.doi.org/doi:10.14288/1.0406649
https://dx.doi.org/doi:10.14288/1.0421077
https://dx.doi.org/doi:10.14288/1.0103630
https://dx.doi.org/doi:10.14288/1.0107810
https://dx.doi.org/doi:10.14288/1.0107811
https://dx.doi.org/doi:10.14288/1.0107819
https://dx.doi.org/doi:10.14288/1.0107835
https://dx.doi.org/doi:10.14288/1.0107853
https://dx.doi.org/doi:10.14288/1.0376647
https://dx.doi.org/doi:10.14288/1.0107210
https://dx.doi.org/doi:10.14288/1.0107215
https://dx.doi.org/doi:10.14288/1.0107216
https://dx.doi.org/doi:10.14288/1.0107235
https://dx.doi.org/doi:10.14288/1.0107236
https://dx.doi.org/doi:10.14288/1.0107243
https://dx.doi.org/doi:10.14288/1.0220747
https://dx.doi.org/doi:10.14288/1.0374298
https://dx.doi.org/doi:10.14288/1.0398548
https://dx.doi.org/doi:10.14288/1.0076313
https://dx.doi.org/doi:10.14288/1.0076359
https://dx.doi.org/doi:10.14288/1.0076425
https://dx.doi.org/doi:10.14288/1.0076432
https://dx.doi.org/doi:10.14288/1.0076031
https://dx.doi.org/doi:10.14288/1.0076042
https://dx.doi.org/doi:10.14288/1.0076047
https://dx.doi.org/doi:10.14288/1.0076057
https://dx.doi.org/doi:10.14288/1.0076059
https://dx.doi.org/doi:10.14288/1.0076100
https://dx.doi.org/doi:10.14288/1.0076103
https://dx.doi.org/doi:10.14288/1.0076107
https://dx.doi.org/doi:10.14288/1.0076109
https://dx.doi.org/doi:10.14288/1.0076119
https://dx.doi.org/doi:10.14288/1.0076123
https://dx.doi.org/doi:10.14288/1.0076125
https://dx.doi.org/doi:10.14288/1.0076145
https://dx.doi.org/doi:10.14288/1.0076162
https://dx.doi.org/doi:10.14288/1.0076168
https://dx.doi.org/doi:10.14288/1.0076176
https://dx.doi.org/doi:10.14288/1.0076181
https://dx.doi.org/doi:10.14288/1.0076182
https://dx.doi.org/doi:10.14288/1.0076206
https://dx.doi.org/doi:10.14288/1.0076205
https://dx.doi.org/doi:10.14288/1.0076210
https://dx.doi.org/doi:10.14288/1.0076209
https://dx.doi.org/doi:10.14288/1.0076262
https://dx.doi.org/doi:10.14288/1.0076263
https://dx.doi.org/doi:10.14288/1.0076276
https://dx.doi.org/doi:10.14288/1.0076284
https://dx.doi.org/doi:10.14288/1.0076291
https://dx.doi.org/doi:10.14288/1.0076301
https://dx.doi.org/doi:10.14288/1.0357360
https://dx.doi.org/doi:10.14288/1.0107710
https://dx.doi.org/doi:10.14288/1.0107726
https://dx.doi.org/doi:10.14288/1.0107744
https://dx.doi.org/doi:10.14288/1.0081047
https://dx.doi.org/doi:10.14288/1.0107670
https://dx.doi.org/doi:10.14288/1.0103695
https://dx.doi.org/doi:10.14288/1.0380686
https://dx.doi.org/doi:10.14288/1.0103062
https://dx.doi.org/doi:10.14288/1.0391830
https://dx.doi.org/doi:10.14288/1.0389872
https://dx.doi.org/doi:10.14288/1.0392824
https://dx.doi.org/doi:10.14288/1.0320722
https://dx.doi.org/doi:10.14288/1.0081271
https://dx.doi.org/doi:10.14288/1.0081276
https://dx.doi.org/doi:10.14288/1.0107799
https://dx.doi.org/doi:10.14288/1.0302687
https://dx.doi.org/doi:10.14288/1.0355480
https://dx.doi.org/doi:10.14288/1.0355482
https://dx.doi.org/doi:10.14288/1.0107203
https://dx.doi.org/doi:10.14288/1.0107214
https://dx.doi.org/doi:10.14288/1.0107232
https://dx.doi.org/doi:10.14288/1.0398359
https://dx.doi.org/doi:10.14288/1.0064693
https://dx.doi.org/doi:10.14288/1.0076312
https://dx.doi.org/doi:10.14288/1.0076316
https://dx.doi.org/doi:10.14288/1.0076343
https://dx.doi.org/doi:10.14288/1.0076392
https://dx.doi.org/doi:10.14288/1.0076407
https://dx.doi.org/doi:10.14288/1.0076413
https://dx.doi.org/doi:10.14288/1.0076427
https://dx.doi.org/doi:10.14288/1.0076450
https://dx.doi.org/doi:10.14288/1.0076472
https://dx.doi.org/doi:10.14288/1.0076035
https://dx.doi.org/doi:10.14288/1.0076049
https://dx.doi.org/doi:10.14288/1.0076063
https://dx.doi.org/doi:10.14288/1.0076087
https://dx.doi.org/doi:10.14288/1.0076088
https://dx.doi.org/doi:10.14288/1.0076097
https://dx.doi.org/doi:10.14288/1.0076099
https://dx.doi.org/doi:10.14288/1.0076101
https://dx.doi.org/doi:10.14288/1.0076163
https://dx.doi.org/doi:10.14288/1.0076167
https://dx.doi.org/doi:10.14288/1.0076169
https://dx.doi.org/doi:10.14288/1.0076172
https://dx.doi.org/doi:10.14288/1.0076191
https://dx.doi.org/doi:10.14288/1.0076195
https://dx.doi.org/doi:10.14288/1.0076231
https://dx.doi.org/doi:10.14288/1.0076235
https://dx.doi.org/doi:10.14288/1.0076244
https://dx.doi.org/doi:10.14288/1.0076252
https://dx.doi.org/doi:10.14288/1.0076254
https://dx.doi.org/doi:10.14288/1.0076279
https://dx.doi.org/doi:10.14288/1.0076278
https://dx.doi.org/doi:10.14288/1.0076290
https://dx.doi.org/doi:10.14288/1.0107474
https://dx.doi.org/doi:10.14288/1.0357436
https://dx.doi.org/doi:10.14288/1.0224789
https://dx.doi.org/doi:10.14288/1.0220852
https://dx.doi.org/doi:10.14288/1.0107685
https://dx.doi.org/doi:10.14288/1.0107728
https://dx.doi.org/doi:10.14288/1.0107737
https://dx.doi.org/doi:10.14288/1.0107745
https://dx.doi.org/doi:10.14288/1.0314233
https://dx.doi.org/doi:10.14288/1.0314311
https://dx.doi.org/doi:10.14288/1.0319135
https://dx.doi.org/doi:10.14288/1.0320867
https://dx.doi.org/doi:10.14288/1.0103159
https://dx.doi.org/doi:10.14288/1.0107669
https://dx.doi.org/doi:10.14288/1.0390461
https://dx.doi.org/doi:10.14288/1.0394880
https://dx.doi.org/doi:10.14288/1.0396022
https://dx.doi.org/doi:10.14288/1.0380737
https://dx.doi.org/doi:10.14288/1.0103051
https://dx.doi.org/doi:10.14288/1.0103057
https://dx.doi.org/doi:10.14288/1.0103064
https://dx.doi.org/doi:10.14288/1.0348718
https://dx.doi.org/doi:10.14288/1.0355660
https://dx.doi.org/doi:10.14288/1.0052300
https://dx.doi.org/doi:10.14288/1.0103070
https://dx.doi.org/doi:10.14288/1.0362919
https://dx.doi.org/doi:10.14288/1.0379841
https://dx.doi.org/doi:10.14288/1.0379844
https://dx.doi.org/doi:10.14288/1.0379875
https://dx.doi.org/doi:10.14288/1.0391832
https://dx.doi.org/doi:10.14288/1.0389835
https://dx.doi.org/doi:10.14288/1.0389870
https://dx.doi.org/doi:10.14288/1.0413835
https://dx.doi.org/doi:10.14288/1.0397383
https://dx.doi.org/doi:10.14288/1.0107842
https://dx.doi.org/doi:10.14288/1.0107229
https://dx.doi.org/doi:10.14288/1.0398529
https://dx.doi.org/doi:10.14288/1.0076160
https://dx.doi.org/doi:10.14288/1.0076184
https://dx.doi.org/doi:10.14288/1.0076200
https://dx.doi.org/doi:10.14288/1.0107689
https://dx.doi.org/doi:10.14288/1.0107716
https://dx.doi.org/doi:10.14288/1.0107735
https://dx.doi.org/doi:10.14288/1.0103675
https://dx.doi.org/doi:10.14288/1.0376428
https://dx.doi.org/doi:10.14288/1.0391829
https://dx.doi.org/doi:10.14288/1.0348823
https://dx.doi.org/doi:10.14288/1.0398358
https://dx.doi.org/doi:10.14288/1.0064673
https://dx.doi.org/doi:10.14288/1.0103092
https://dx.doi.org/doi:10.14288/1.0081273
https://dx.doi.org/doi:10.14288/1.0064751
https://dx.doi.org/doi:10.14288/1.0052233
https://dx.doi.org/doi:10.14288/1.0077840
https://dx.doi.org/doi:10.14288/1.0075855
https://dx.doi.org/doi:10.14288/1.0077838
https://dx.doi.org/doi:10.14288/1.0077842
https://dx.doi.org/doi:10.14288/1.0077862
https://dx.doi.org/doi:10.14288/1.0077863
https://dx.doi.org/doi:10.14288/1.0077864
https://dx.doi.org/doi:10.14288/1.0103086
https://dx.doi.org/doi:10.14288/1.0107966
https://dx.doi.org/doi:10.14288/1.0107838
https://dx.doi.org/doi:10.14288/1.0363945
https://dx.doi.org/doi:10.14288/1.0081274
https://dx.doi.org/doi:10.14288/1.0343509
https://dx.doi.org/doi:10.14288/1.0348268
https://dx.doi.org/doi:10.14288/1.0107640
https://dx.doi.org/doi:10.14288/1.0107646
https://dx.doi.org/doi:10.14288/1.0107649
https://dx.doi.org/doi:10.14288/1.0300535
https://dx.doi.org/doi:10.14288/1.0319324
https://dx.doi.org/doi:10.14288/1.0379473
https://dx.doi.org/doi:10.14288/1.0379506
https://dx.doi.org/doi:10.14288/1.0388503
https://dx.doi.org/doi:10.14288/1.0395862
https://dx.doi.org/doi:10.14288/1.0395877
https://dx.doi.org/doi:10.14288/1.0402155
https://dx.doi.org/doi:10.14288/1.0413520
https://dx.doi.org/doi:10.14288/1.0413522
https://dx.doi.org/doi:10.14288/1.0228380
https://dx.doi.org/doi:10.14288/1.0379172
https://dx.doi.org/doi:10.14288/1.0379179
https://dx.doi.org/doi:10.14288/1.0379618
https://dx.doi.org/doi:10.14288/1.0379880
https://dx.doi.org/doi:10.14288/1.0107816
https://dx.doi.org/doi:10.14288/1.0107840
https://dx.doi.org/doi:10.14288/1.0228572
https://dx.doi.org/doi:10.14288/1.0229487
https://dx.doi.org/doi:10.14288/1.0376642
https://dx.doi.org/doi:10.14288/1.0107208
https://dx.doi.org/doi:10.14288/1.0107227
https://dx.doi.org/doi:10.14288/1.0107244
https://dx.doi.org/doi:10.14288/1.0378653
https://dx.doi.org/doi:10.14288/1.0379785
https://dx.doi.org/doi:10.14288/1.0421693
https://dx.doi.org/doi:10.14288/1.0064681
https://dx.doi.org/doi:10.14288/1.0064716
https://dx.doi.org/doi:10.14288/1.0064738
https://dx.doi.org/doi:10.14288/1.0064748
https://dx.doi.org/doi:10.14288/1.0064761
https://dx.doi.org/doi:10.14288/1.0064765
https://dx.doi.org/doi:10.14288/1.0076314
https://dx.doi.org/doi:10.14288/1.0076324
https://dx.doi.org/doi:10.14288/1.0076326
https://dx.doi.org/doi:10.14288/1.0076327
https://dx.doi.org/doi:10.14288/1.0076337
https://dx.doi.org/doi:10.14288/1.0076335
https://dx.doi.org/doi:10.14288/1.0076341
https://dx.doi.org/doi:10.14288/1.0076342
https://dx.doi.org/doi:10.14288/1.0076350
https://dx.doi.org/doi:10.14288/1.0076352
https://dx.doi.org/doi:10.14288/1.0076357
https://dx.doi.org/doi:10.14288/1.0076364
https://dx.doi.org/doi:10.14288/1.0076369
https://dx.doi.org/doi:10.14288/1.0076388
https://dx.doi.org/doi:10.14288/1.0076391
https://dx.doi.org/doi:10.14288/1.0076402
https://dx.doi.org/doi:10.14288/1.0076416
https://dx.doi.org/doi:10.14288/1.0076433
https://dx.doi.org/doi:10.14288/1.0076434
https://dx.doi.org/doi:10.14288/1.0076437
https://dx.doi.org/doi:10.14288/1.0076444
https://dx.doi.org/doi:10.14288/1.0076454
https://dx.doi.org/doi:10.14288/1.0076457
https://dx.doi.org/doi:10.14288/1.0076464
https://dx.doi.org/doi:10.14288/1.0076470
https://dx.doi.org/doi:10.14288/1.0076473
https://dx.doi.org/doi:10.14288/1.0076496
https://dx.doi.org/doi:10.14288/1.0076025
https://dx.doi.org/doi:10.14288/1.0076029
https://dx.doi.org/doi:10.14288/1.0076036
https://dx.doi.org/doi:10.14288/1.0076041
https://dx.doi.org/doi:10.14288/1.0076046
https://dx.doi.org/doi:10.14288/1.0076056
https://dx.doi.org/doi:10.14288/1.0076064
https://dx.doi.org/doi:10.14288/1.0076069
https://dx.doi.org/doi:10.14288/1.0076071
https://dx.doi.org/doi:10.14288/1.0076076
https://dx.doi.org/doi:10.14288/1.0076077
https://dx.doi.org/doi:10.14288/1.0076092
https://dx.doi.org/doi:10.14288/1.0076095
https://dx.doi.org/doi:10.14288/1.0076105
https://dx.doi.org/doi:10.14288/1.0076111
https://dx.doi.org/doi:10.14288/1.0076116
https://dx.doi.org/doi:10.14288/1.0076118
https://dx.doi.org/doi:10.14288/1.0076124
https://dx.doi.org/doi:10.14288/1.0076129
https://dx.doi.org/doi:10.14288/1.0076134
https://dx.doi.org/doi:10.14288/1.0076135
https://dx.doi.org/doi:10.14288/1.0076138
https://dx.doi.org/doi:10.14288/1.0076140
https://dx.doi.org/doi:10.14288/1.0076142
https://dx.doi.org/doi:10.14288/1.0076146
https://dx.doi.org/doi:10.14288/1.0076150
https://dx.doi.org/doi:10.14288/1.0076153
https://dx.doi.org/doi:10.14288/1.0076157
https://dx.doi.org/doi:10.14288/1.0076156
https://dx.doi.org/doi:10.14288/1.0076173
https://dx.doi.org/doi:10.14288/1.0076177
https://dx.doi.org/doi:10.14288/1.0076178
https://dx.doi.org/doi:10.14288/1.0076179
https://dx.doi.org/doi:10.14288/1.0076186
https://dx.doi.org/doi:10.14288/1.0076188
https://dx.doi.org/doi:10.14288/1.0076190
https://dx.doi.org/doi:10.14288/1.0076193
https://dx.doi.org/doi:10.14288/1.0076197
https://dx.doi.org/doi:10.14288/1.0076203
https://dx.doi.org/doi:10.14288/1.0076213
https://dx.doi.org/doi:10.14288/1.0076214
https://dx.doi.org/doi:10.14288/1.0076215
https://dx.doi.org/doi:10.14288/1.0076221
https://dx.doi.org/doi:10.14288/1.0076224
https://dx.doi.org/doi:10.14288/1.0076227
https://dx.doi.org/doi:10.14288/1.0076237
https://dx.doi.org/doi:10.14288/1.0076247
https://dx.doi.org/doi:10.14288/1.0076253
https://dx.doi.org/doi:10.14288/1.0076256
https://dx.doi.org/doi:10.14288/1.0076260
https://dx.doi.org/doi:10.14288/1.0076266
https://dx.doi.org/doi:10.14288/1.0076268
https://dx.doi.org/doi:10.14288/1.0076271
https://dx.doi.org/doi:10.14288/1.0076270
https://dx.doi.org/doi:10.14288/1.0076280
https://dx.doi.org/doi:10.14288/1.0076282
https://dx.doi.org/doi:10.14288/1.0076285
https://dx.doi.org/doi:10.14288/1.0076287
https://dx.doi.org/doi:10.14288/1.0076300
https://dx.doi.org/doi:10.14288/1.0102611
https://dx.doi.org/doi:10.14288/1.0102626
https://dx.doi.org/doi:10.14288/1.0224503
https://dx.doi.org/doi:10.14288/1.0221535
https://dx.doi.org/doi:10.14288/1.0304649
https://dx.doi.org/doi:10.14288/1.0305101
https://dx.doi.org/doi:10.14288/1.0107687
https://dx.doi.org/doi:10.14288/1.0107696
https://dx.doi.org/doi:10.14288/1.0107703
https://dx.doi.org/doi:10.14288/1.0107712
https://dx.doi.org/doi:10.14288/1.0107719
https://dx.doi.org/doi:10.14288/1.0107734
https://dx.doi.org/doi:10.14288/1.0107738
https://dx.doi.org/doi:10.14288/1.0107743
https://dx.doi.org/doi:10.14288/1.0107753
https://dx.doi.org/doi:10.14288/1.0107754
https://dx.doi.org/doi:10.14288/1.0107756
https://dx.doi.org/doi:10.14288/1.0314226
https://dx.doi.org/doi:10.14288/1.0314307
https://dx.doi.org/doi:10.14288/1.0314308
https://dx.doi.org/doi:10.14288/1.0314310
https://dx.doi.org/doi:10.14288/1.0320948
https://dx.doi.org/doi:10.14288/1.0320947
https://dx.doi.org/doi:10.14288/1.0081048
https://dx.doi.org/doi:10.14288/1.0107665
https://dx.doi.org/doi:10.14288/1.0107672
https://dx.doi.org/doi:10.14288/1.0107678
https://dx.doi.org/doi:10.14288/1.0052235
https://dx.doi.org/doi:10.14288/1.0076555
https://dx.doi.org/doi:10.14288/1.0103692
https://dx.doi.org/doi:10.14288/1.0103702
https://dx.doi.org/doi:10.14288/1.0354578
https://dx.doi.org/doi:10.14288/1.0357262
https://dx.doi.org/doi:10.14288/1.0361939
https://dx.doi.org/doi:10.14288/1.0374274
https://dx.doi.org/doi:10.14288/1.0108018
https://dx.doi.org/doi:10.14288/1.0380688
https://dx.doi.org/doi:10.14288/1.0380730
https://dx.doi.org/doi:10.14288/1.0380742
https://dx.doi.org/doi:10.14288/1.0042693
https://dx.doi.org/doi:10.14288/1.0103047
https://dx.doi.org/doi:10.14288/1.0103053
https://dx.doi.org/doi:10.14288/1.0355661
https://dx.doi.org/doi:10.14288/1.0377279
https://dx.doi.org/doi:10.14288/1.0052303
https://dx.doi.org/doi:10.14288/1.0056485
https://dx.doi.org/doi:10.14288/1.0103072
https://dx.doi.org/doi:10.14288/1.0396534
https://dx.doi.org/doi:10.14288/1.0380178
https://dx.doi.org/doi:10.14288/1.0390878
https://dx.doi.org/doi:10.14288/1.0389838
https://dx.doi.org/doi:10.14288/1.0389866
https://dx.doi.org/doi:10.14288/1.0389899
https://dx.doi.org/doi:10.14288/1.0389912
https://dx.doi.org/doi:10.14288/1.0389914
https://dx.doi.org/doi:10.14288/1.0389915
https://dx.doi.org/doi:10.14288/1.0392617
https://dx.doi.org/doi:10.14288/1.0392807
https://dx.doi.org/doi:10.14288/1.0392808
https://dx.doi.org/doi:10.14288/1.0392810
https://dx.doi.org/doi:10.14288/1.0392811
https://dx.doi.org/doi:10.14288/1.0392814
https://dx.doi.org/doi:10.14288/1.0413815
https://dx.doi.org/doi:10.14288/1.0415832
https://dx.doi.org/doi:10.14288/1.0415833
https://dx.doi.org/doi:10.14288/1.0396333
https://dx.doi.org/doi:10.14288/1.0397242
https://dx.doi.org/doi:10.14288/1.0397384
https://dx.doi.org/doi:10.14288/1.0041746
https://dx.doi.org/doi:10.14288/1.0077849
https://dx.doi.org/doi:10.14288/1.0077850
https://dx.doi.org/doi:10.14288/1.0077852
https://dx.doi.org/doi:10.14288/1.0077851
https://dx.doi.org/doi:10.14288/1.0077855
https://dx.doi.org/doi:10.14288/1.0077868
https://dx.doi.org/doi:10.14288/1.0224477
https://dx.doi.org/doi:10.14288/1.0107661
https://dx.doi.org/doi:10.14288/1.0347199
https://dx.doi.org/doi:10.14288/1.0363102
https://dx.doi.org/doi:10.14288/1.0377183
https://dx.doi.org/doi:10.14288/1.0379505
https://dx.doi.org/doi:10.14288/1.0388509
https://dx.doi.org/doi:10.14288/1.0388601
https://dx.doi.org/doi:10.14288/1.0402128
https://dx.doi.org/doi:10.14288/1.0402138
https://dx.doi.org/doi:10.14288/1.0402153
https://dx.doi.org/doi:10.14288/1.0402154
https://dx.doi.org/doi:10.14288/1.0402434
https://dx.doi.org/doi:10.14288/1.0413521
https://dx.doi.org/doi:10.14288/1.0413534
https://dx.doi.org/doi:10.14288/1.0413792
https://dx.doi.org/doi:10.14288/1.0419369
https://dx.doi.org/doi:10.14288/1.0419371
https://dx.doi.org/doi:10.14288/1.0378868
https://dx.doi.org/doi:10.14288/1.0107831
https://dx.doi.org/doi:10.14288/1.0107844
https://dx.doi.org/doi:10.14288/1.0107205
https://dx.doi.org/doi:10.14288/1.0107213
https://dx.doi.org/doi:10.14288/1.0107241
https://dx.doi.org/doi:10.14288/1.0375806
https://dx.doi.org/doi:10.14288/1.0378654
https://dx.doi.org/doi:10.14288/1.0395653
https://dx.doi.org/doi:10.14288/1.0398528
https://dx.doi.org/doi:10.14288/1.0064682
https://dx.doi.org/doi:10.14288/1.0064686
https://dx.doi.org/doi:10.14288/1.0076381
https://dx.doi.org/doi:10.14288/1.0076406
https://dx.doi.org/doi:10.14288/1.0076469
https://dx.doi.org/doi:10.14288/1.0076039
https://dx.doi.org/doi:10.14288/1.0076114
https://dx.doi.org/doi:10.14288/1.0076204
https://dx.doi.org/doi:10.14288/1.0076302
https://dx.doi.org/doi:10.14288/1.0107695
https://dx.doi.org/doi:10.14288/1.0107725
https://dx.doi.org/doi:10.14288/1.0107750
https://dx.doi.org/doi:10.14288/1.0314227
https://dx.doi.org/doi:10.14288/1.0314245
https://dx.doi.org/doi:10.14288/1.0107666
https://dx.doi.org/doi:10.14288/1.0103093
https://dx.doi.org/doi:10.14288/1.0103701
https://dx.doi.org/doi:10.14288/1.0380729
https://dx.doi.org/doi:10.14288/1.0379613
https://dx.doi.org/doi:10.14288/1.0391833
https://dx.doi.org/doi:10.14288/1.0389901
https://dx.doi.org/doi:10.14288/1.0077845
https://dx.doi.org/doi:10.14288/1.0077848
https://dx.doi.org/doi:10.14288/1.0077853
https://dx.doi.org/doi:10.14288/1.0077854
https://dx.doi.org/doi:10.14288/1.0380790
https://dx.doi.org/doi:10.14288/1.0041731
https://dx.doi.org/doi:10.14288/1.0041734
https://dx.doi.org/doi:10.14288/1.0041735
https://dx.doi.org/doi:10.14288/1.0056572
https://dx.doi.org/doi:10.14288/1.0058438
https://dx.doi.org/doi:10.14288/1.0077856
https://dx.doi.org/doi:10.14288/1.0228598
https://dx.doi.org/doi:10.14288/1.0107634
https://dx.doi.org/doi:10.14288/1.0107636
https://dx.doi.org/doi:10.14288/1.0107639
https://dx.doi.org/doi:10.14288/1.0107642
https://dx.doi.org/doi:10.14288/1.0107648
https://dx.doi.org/doi:10.14288/1.0107650
https://dx.doi.org/doi:10.14288/1.0107652
https://dx.doi.org/doi:10.14288/1.0107656
https://dx.doi.org/doi:10.14288/1.0107660
https://dx.doi.org/doi:10.14288/1.0107673
https://dx.doi.org/doi:10.14288/1.0228750
https://dx.doi.org/doi:10.14288/1.0319328
https://dx.doi.org/doi:10.14288/1.0343488
https://dx.doi.org/doi:10.14288/1.0363077
https://dx.doi.org/doi:10.14288/1.0369291
https://dx.doi.org/doi:10.14288/1.0377237
https://dx.doi.org/doi:10.14288/1.0379471
https://dx.doi.org/doi:10.14288/1.0380866
https://dx.doi.org/doi:10.14288/1.0394734
https://dx.doi.org/doi:10.14288/1.0395878
https://dx.doi.org/doi:10.14288/1.0396021
https://dx.doi.org/doi:10.14288/1.0397468
https://dx.doi.org/doi:10.14288/1.0397469
https://dx.doi.org/doi:10.14288/1.0402158
https://dx.doi.org/doi:10.14288/1.0413741
https://dx.doi.org/doi:10.14288/1.0416300
https://dx.doi.org/doi:10.14288/1.0419368
https://dx.doi.org/doi:10.14288/1.0103633
https://dx.doi.org/doi:10.14288/1.0228379
https://dx.doi.org/doi:10.14288/1.0378854
https://dx.doi.org/doi:10.14288/1.0379173
https://dx.doi.org/doi:10.14288/1.0379174
https://dx.doi.org/doi:10.14288/1.0379871
https://dx.doi.org/doi:10.14288/1.0107797
https://dx.doi.org/doi:10.14288/1.0107823
https://dx.doi.org/doi:10.14288/1.0107822
https://dx.doi.org/doi:10.14288/1.0107824
https://dx.doi.org/doi:10.14288/1.0107827
https://dx.doi.org/doi:10.14288/1.0107829
https://dx.doi.org/doi:10.14288/1.0107832
https://dx.doi.org/doi:10.14288/1.0107847
https://dx.doi.org/doi:10.14288/1.0107849
https://dx.doi.org/doi:10.14288/1.0107852
https://dx.doi.org/doi:10.14288/1.0107854
https://dx.doi.org/doi:10.14288/1.0228576
https://dx.doi.org/doi:10.14288/1.0355475
https://dx.doi.org/doi:10.14288/1.0376643
https://dx.doi.org/doi:10.14288/1.0376648
https://dx.doi.org/doi:10.14288/1.0107206
https://dx.doi.org/doi:10.14288/1.0107209
https://dx.doi.org/doi:10.14288/1.0107217
https://dx.doi.org/doi:10.14288/1.0107218
https://dx.doi.org/doi:10.14288/1.0107224
https://dx.doi.org/doi:10.14288/1.0107230
https://dx.doi.org/doi:10.14288/1.0107233
https://dx.doi.org/doi:10.14288/1.0107239
https://dx.doi.org/doi:10.14288/1.0107240
https://dx.doi.org/doi:10.14288/1.0319001
https://dx.doi.org/doi:10.14288/1.0375805
https://dx.doi.org/doi:10.14288/1.0398275
https://dx.doi.org/doi:10.14288/1.0398357
https://dx.doi.org/doi:10.14288/1.0398530
https://dx.doi.org/doi:10.14288/1.0398551
https://dx.doi.org/doi:10.14288/1.0064683
https://dx.doi.org/doi:10.14288/1.0064705
https://dx.doi.org/doi:10.14288/1.0064711
https://dx.doi.org/doi:10.14288/1.0064723
https://dx.doi.org/doi:10.14288/1.0064735
https://dx.doi.org/doi:10.14288/1.0064736
https://dx.doi.org/doi:10.14288/1.0064750
https://dx.doi.org/doi:10.14288/1.0076319
https://dx.doi.org/doi:10.14288/1.0076322
https://dx.doi.org/doi:10.14288/1.0076333
https://dx.doi.org/doi:10.14288/1.0076338
https://dx.doi.org/doi:10.14288/1.0076348
https://dx.doi.org/doi:10.14288/1.0076347
https://dx.doi.org/doi:10.14288/1.0076351
https://dx.doi.org/doi:10.14288/1.0076355
https://dx.doi.org/doi:10.14288/1.0076360
https://dx.doi.org/doi:10.14288/1.0076362
https://dx.doi.org/doi:10.14288/1.0076379
https://dx.doi.org/doi:10.14288/1.0076386
https://dx.doi.org/doi:10.14288/1.0076387
https://dx.doi.org/doi:10.14288/1.0076394
https://dx.doi.org/doi:10.14288/1.0076396
https://dx.doi.org/doi:10.14288/1.0076401
https://dx.doi.org/doi:10.14288/1.0076414
https://dx.doi.org/doi:10.14288/1.0076429
https://dx.doi.org/doi:10.14288/1.0076439
https://dx.doi.org/doi:10.14288/1.0076449
https://dx.doi.org/doi:10.14288/1.0076452
https://dx.doi.org/doi:10.14288/1.0076453
https://dx.doi.org/doi:10.14288/1.0076451
https://dx.doi.org/doi:10.14288/1.0076461
https://dx.doi.org/doi:10.14288/1.0076463
https://dx.doi.org/doi:10.14288/1.0076482
https://dx.doi.org/doi:10.14288/1.0076487
https://dx.doi.org/doi:10.14288/1.0076494
https://dx.doi.org/doi:10.14288/1.0076498
https://dx.doi.org/doi:10.14288/1.0076502
https://dx.doi.org/doi:10.14288/1.0371597
https://dx.doi.org/doi:10.14288/1.0076505
https://dx.doi.org/doi:10.14288/1.0076019
https://dx.doi.org/doi:10.14288/1.0076028
https://dx.doi.org/doi:10.14288/1.0076032
https://dx.doi.org/doi:10.14288/1.0076037
https://dx.doi.org/doi:10.14288/1.0076040
https://dx.doi.org/doi:10.14288/1.0076043
https://dx.doi.org/doi:10.14288/1.0076044
https://dx.doi.org/doi:10.14288/1.0076061
https://dx.doi.org/doi:10.14288/1.0076073
https://dx.doi.org/doi:10.14288/1.0076074
https://dx.doi.org/doi:10.14288/1.0076075
https://dx.doi.org/doi:10.14288/1.0076081
https://dx.doi.org/doi:10.14288/1.0076091
https://dx.doi.org/doi:10.14288/1.0076098
https://dx.doi.org/doi:10.14288/1.0076110
https://dx.doi.org/doi:10.14288/1.0076115
https://dx.doi.org/doi:10.14288/1.0076117
https://dx.doi.org/doi:10.14288/1.0076120
https://dx.doi.org/doi:10.14288/1.0076126
https://dx.doi.org/doi:10.14288/1.0076131
https://dx.doi.org/doi:10.14288/1.0076143
https://dx.doi.org/doi:10.14288/1.0076147
https://dx.doi.org/doi:10.14288/1.0076151
https://dx.doi.org/doi:10.14288/1.0076164
https://dx.doi.org/doi:10.14288/1.0076165
https://dx.doi.org/doi:10.14288/1.0076170
https://dx.doi.org/doi:10.14288/1.0076174
https://dx.doi.org/doi:10.14288/1.0076199
https://dx.doi.org/doi:10.14288/1.0076201
https://dx.doi.org/doi:10.14288/1.0076202
https://dx.doi.org/doi:10.14288/1.0076211
https://dx.doi.org/doi:10.14288/1.0076226
https://dx.doi.org/doi:10.14288/1.0076229
https://dx.doi.org/doi:10.14288/1.0076241
https://dx.doi.org/doi:10.14288/1.0076250
https://dx.doi.org/doi:10.14288/1.0076249
https://dx.doi.org/doi:10.14288/1.0076265
https://dx.doi.org/doi:10.14288/1.0076267
https://dx.doi.org/doi:10.14288/1.0076269
https://dx.doi.org/doi:10.14288/1.0076273
https://dx.doi.org/doi:10.14288/1.0076277
https://dx.doi.org/doi:10.14288/1.0076283
https://dx.doi.org/doi:10.14288/1.0076286
https://dx.doi.org/doi:10.14288/1.0076288
https://dx.doi.org/doi:10.14288/1.0076292
https://dx.doi.org/doi:10.14288/1.0076294
https://dx.doi.org/doi:10.14288/1.0076295
https://dx.doi.org/doi:10.14288/1.0076296
https://dx.doi.org/doi:10.14288/1.0076299
https://dx.doi.org/doi:10.14288/1.0076304
https://dx.doi.org/doi:10.14288/1.0076308
https://dx.doi.org/doi:10.14288/1.0102612
https://dx.doi.org/doi:10.14288/1.0373480
https://dx.doi.org/doi:10.14288/1.0304650
https://dx.doi.org/doi:10.14288/1.0305688
https://dx.doi.org/doi:10.14288/1.0058164
https://dx.doi.org/doi:10.14288/1.0107686
https://dx.doi.org/doi:10.14288/1.0107699
https://dx.doi.org/doi:10.14288/1.0107701
https://dx.doi.org/doi:10.14288/1.0107706
https://dx.doi.org/doi:10.14288/1.0107711
https://dx.doi.org/doi:10.14288/1.0107713
https://dx.doi.org/doi:10.14288/1.0107733
https://dx.doi.org/doi:10.14288/1.0107741
https://dx.doi.org/doi:10.14288/1.0107742
https://dx.doi.org/doi:10.14288/1.0107747
https://dx.doi.org/doi:10.14288/1.0107751
https://dx.doi.org/doi:10.14288/1.0314305
https://dx.doi.org/doi:10.14288/1.0320845
https://dx.doi.org/doi:10.14288/1.0320847
https://dx.doi.org/doi:10.14288/1.0320850
https://dx.doi.org/doi:10.14288/1.0320882
https://dx.doi.org/doi:10.14288/1.0107671
https://dx.doi.org/doi:10.14288/1.0107675
https://dx.doi.org/doi:10.14288/1.0107674
https://dx.doi.org/doi:10.14288/1.0107677
https://dx.doi.org/doi:10.14288/1.0107679
https://dx.doi.org/doi:10.14288/1.0305061
https://dx.doi.org/doi:10.14288/1.0347518
https://dx.doi.org/doi:10.14288/1.0103682
https://dx.doi.org/doi:10.14288/1.0348825
https://dx.doi.org/doi:10.14288/1.0369273
https://dx.doi.org/doi:10.14288/1.0364535
https://dx.doi.org/doi:10.14288/1.0404407
https://dx.doi.org/doi:10.14288/1.0407268
https://dx.doi.org/doi:10.14288/1.0225821
https://dx.doi.org/doi:10.14288/1.0380675
https://dx.doi.org/doi:10.14288/1.0380677
https://dx.doi.org/doi:10.14288/1.0380708
https://dx.doi.org/doi:10.14288/1.0380732
https://dx.doi.org/doi:10.14288/1.0380786
https://dx.doi.org/doi:10.14288/1.0380792
https://dx.doi.org/doi:10.14288/1.0380804
https://dx.doi.org/doi:10.14288/1.0400903
https://dx.doi.org/doi:10.14288/1.0052306
https://dx.doi.org/doi:10.14288/1.0103069
https://dx.doi.org/doi:10.14288/1.0361668
https://dx.doi.org/doi:10.14288/1.0363429
https://dx.doi.org/doi:10.14288/1.0396039
https://dx.doi.org/doi:10.14288/1.0396536
https://dx.doi.org/doi:10.14288/1.0077836
https://dx.doi.org/doi:10.14288/1.0077873
https://dx.doi.org/doi:10.14288/1.0228449
https://dx.doi.org/doi:10.14288/1.0379845
https://dx.doi.org/doi:10.14288/1.0379846
https://dx.doi.org/doi:10.14288/1.0380176
https://dx.doi.org/doi:10.14288/1.0390879
https://dx.doi.org/doi:10.14288/1.0389840
https://dx.doi.org/doi:10.14288/1.0392817
https://dx.doi.org/doi:10.14288/1.0406648
https://dx.doi.org/doi:10.14288/1.0397373
https://dx.doi.org/doi:10.14288/1.0415929
https://dx.doi.org/doi:10.14288/1.0415941
https://dx.doi.org/doi:10.14288/1.0314235
https://dx.doi.org/doi:10.14288/1.0320843
https://dx.doi.org/doi:10.14288/1.0390457
https://dx.doi.org/doi:10.14288/1.0224100
https://dx.doi.org/doi:10.14288/1.0415912
https://dx.doi.org/doi:10.14288/1.0042687
https://dx.doi.org/doi:10.14288/1.0376452
https://dx.doi.org/doi:10.14288/1.0102630
https://dx.doi.org/doi:10.14288/1.0077843
https://dx.doi.org/doi:10.14288/1.0077847
https://dx.doi.org/doi:10.14288/1.0041756
https://dx.doi.org/doi:10.14288/1.0107917
https://dx.doi.org/doi:10.14288/1.0107918
https://dx.doi.org/doi:10.14288/1.0107916
https://dx.doi.org/doi:10.14288/1.0107919
https://dx.doi.org/doi:10.14288/1.0107921
https://dx.doi.org/doi:10.14288/1.0107922
https://dx.doi.org/doi:10.14288/1.0107920
https://dx.doi.org/doi:10.14288/1.0107923
https://dx.doi.org/doi:10.14288/1.0107924
https://dx.doi.org/doi:10.14288/1.0107927
https://dx.doi.org/doi:10.14288/1.0107928
https://dx.doi.org/doi:10.14288/1.0107929
https://dx.doi.org/doi:10.14288/1.0107930
https://dx.doi.org/doi:10.14288/1.0107931
https://dx.doi.org/doi:10.14288/1.0107933
https://dx.doi.org/doi:10.14288/1.0107932
https://dx.doi.org/doi:10.14288/1.0107936
https://dx.doi.org/doi:10.14288/1.0107937
https://dx.doi.org/doi:10.14288/1.0107757
https://dx.doi.org/doi:10.14288/1.0086060
https://dx.doi.org/doi:10.14288/1.0077870
https://dx.doi.org/doi:10.14288/1.0107450
https://dx.doi.org/doi:10.14288/1.0343362
https://dx.doi.org/doi:10.14288/1.0107641
https://dx.doi.org/doi:10.14288/1.0107651
https://dx.doi.org/doi:10.14288/1.0107654
https://dx.doi.org/doi:10.14288/1.0224808
https://dx.doi.org/doi:10.14288/1.0305016
https://dx.doi.org/doi:10.14288/1.0351969
https://dx.doi.org/doi:10.14288/1.0367929
https://dx.doi.org/doi:10.14288/1.0371629
https://dx.doi.org/doi:10.14288/1.0379769
https://dx.doi.org/doi:10.14288/1.0380865
https://dx.doi.org/doi:10.14288/1.0381027
https://dx.doi.org/doi:10.14288/1.0388504
https://dx.doi.org/doi:10.14288/1.0395860
https://dx.doi.org/doi:10.14288/1.0395863
https://dx.doi.org/doi:10.14288/1.0395866
https://dx.doi.org/doi:10.14288/1.0397246
https://dx.doi.org/doi:10.14288/1.0397274
https://dx.doi.org/doi:10.14288/1.0400150
https://dx.doi.org/doi:10.14288/1.0400897
https://dx.doi.org/doi:10.14288/1.0402136
https://dx.doi.org/doi:10.14288/1.0402923
https://dx.doi.org/doi:10.14288/1.0406244
https://dx.doi.org/doi:10.14288/1.0419370
https://dx.doi.org/doi:10.14288/1.0420168
https://dx.doi.org/doi:10.14288/1.0103632
https://dx.doi.org/doi:10.14288/1.0378883
https://dx.doi.org/doi:10.14288/1.0107848
https://dx.doi.org/doi:10.14288/1.0355492
https://dx.doi.org/doi:10.14288/1.0376644
https://dx.doi.org/doi:10.14288/1.0107207
https://dx.doi.org/doi:10.14288/1.0107212
https://dx.doi.org/doi:10.14288/1.0221479
https://dx.doi.org/doi:10.14288/1.0398360
https://dx.doi.org/doi:10.14288/1.0398549
https://dx.doi.org/doi:10.14288/1.0064674
https://dx.doi.org/doi:10.14288/1.0064691
https://dx.doi.org/doi:10.14288/1.0064741
https://dx.doi.org/doi:10.14288/1.0076346
https://dx.doi.org/doi:10.14288/1.0076349
https://dx.doi.org/doi:10.14288/1.0076363
https://dx.doi.org/doi:10.14288/1.0076371
https://dx.doi.org/doi:10.14288/1.0076384
https://dx.doi.org/doi:10.14288/1.0076418
https://dx.doi.org/doi:10.14288/1.0076459
https://dx.doi.org/doi:10.14288/1.0076489
https://dx.doi.org/doi:10.14288/1.0076501
https://dx.doi.org/doi:10.14288/1.0076033
https://dx.doi.org/doi:10.14288/1.0076048
https://dx.doi.org/doi:10.14288/1.0076055
https://dx.doi.org/doi:10.14288/1.0076121
https://dx.doi.org/doi:10.14288/1.0076154
https://dx.doi.org/doi:10.14288/1.0076161
https://dx.doi.org/doi:10.14288/1.0076175
https://dx.doi.org/doi:10.14288/1.0076212
https://dx.doi.org/doi:10.14288/1.0076257
https://dx.doi.org/doi:10.14288/1.0076259
https://dx.doi.org/doi:10.14288/1.0107466
https://dx.doi.org/doi:10.14288/1.0108010
https://dx.doi.org/doi:10.14288/1.0220804
https://dx.doi.org/doi:10.14288/1.0305738
https://dx.doi.org/doi:10.14288/1.0307232
https://dx.doi.org/doi:10.14288/1.0107694
https://dx.doi.org/doi:10.14288/1.0107697
https://dx.doi.org/doi:10.14288/1.0107704
https://dx.doi.org/doi:10.14288/1.0107708
https://dx.doi.org/doi:10.14288/1.0107721
https://dx.doi.org/doi:10.14288/1.0107723
https://dx.doi.org/doi:10.14288/1.0107729
https://dx.doi.org/doi:10.14288/1.0107732
https://dx.doi.org/doi:10.14288/1.0107746
https://dx.doi.org/doi:10.14288/1.0314306
https://dx.doi.org/doi:10.14288/1.0103677
https://dx.doi.org/doi:10.14288/1.0390459
https://dx.doi.org/doi:10.14288/1.0421304
https://dx.doi.org/doi:10.14288/1.0108019
https://dx.doi.org/doi:10.14288/1.0221244
https://dx.doi.org/doi:10.14288/1.0380727
https://dx.doi.org/doi:10.14288/1.0380731
https://dx.doi.org/doi:10.14288/1.0380795
https://dx.doi.org/doi:10.14288/1.0052301
https://dx.doi.org/doi:10.14288/1.0379847
https://dx.doi.org/doi:10.14288/1.0389913
https://dx.doi.org/doi:10.14288/1.0392819
https://dx.doi.org/doi:10.14288/1.0413820
https://dx.doi.org/doi:10.14288/1.0397240
https://dx.doi.org/doi:10.14288/1.0041759
https://dx.doi.org/doi:10.14288/1.0041760
https://dx.doi.org/doi:10.14288/1.0103049
https://dx.doi.org/doi:10.14288/1.0107663
https://dx.doi.org/doi:10.14288/1.0076424
https://dx.doi.org/doi:10.14288/1.0058133
https://dx.doi.org/doi:10.14288/1.0107898
https://dx.doi.org/doi:10.14288/1.0107899
https://dx.doi.org/doi:10.14288/1.0107900
https://dx.doi.org/doi:10.14288/1.0107901
https://dx.doi.org/doi:10.14288/1.0107902
https://dx.doi.org/doi:10.14288/1.0107903
https://dx.doi.org/doi:10.14288/1.0107905
https://dx.doi.org/doi:10.14288/1.0107904
https://dx.doi.org/doi:10.14288/1.0107906
https://dx.doi.org/doi:10.14288/1.0107907
https://dx.doi.org/doi:10.14288/1.0107908
https://dx.doi.org/doi:10.14288/1.0107909
https://dx.doi.org/doi:10.14288/1.0107910
https://dx.doi.org/doi:10.14288/1.0107912
https://dx.doi.org/doi:10.14288/1.0107911
https://dx.doi.org/doi:10.14288/1.0107913
https://dx.doi.org/doi:10.14288/1.0064747
https://dx.doi.org/doi:10.14288/1.0395145
https://dx.doi.org/doi:10.14288/1.0107971
https://dx.doi.org/doi:10.14288/1.0077817
https://dx.doi.org/doi:10.14288/1.0077818
https://dx.doi.org/doi:10.14288/1.0077823
https://dx.doi.org/doi:10.14288/1.0103683
https://dx.doi.org/doi:10.14288/1.0103685
https://dx.doi.org/doi:10.14288/1.0103694
https://dx.doi.org/doi:10.14288/1.0103696
https://dx.doi.org/doi:10.14288/1.0103704
https://dx.doi.org/doi:10.14288/1.0107830
https://dx.doi.org/doi:10.14288/1.0041733
https://dx.doi.org/doi:10.14288/1.0107855
https://dx.doi.org/doi:10.14288/1.0064680
https://dx.doi.org/doi:10.14288/1.0064684
https://dx.doi.org/doi:10.14288/1.0064726
https://dx.doi.org/doi:10.14288/1.0216488
https://dx.doi.org/doi:10.14288/1.0102625
https://dx.doi.org/doi:10.14288/1.0107702
https://dx.doi.org/doi:10.14288/1.0040933
https://dx.doi.org/doi:10.14288/1.0380738
https://dx.doi.org/doi:10.14288/1.0380799
https://dx.doi.org/doi:10.14288/1.0077826
https://dx.doi.org/doi:10.14288/1.0400904
https://dx.doi.org/doi:10.14288/1.0363922
https://dx.doi.org/doi:10.14288/1.0368911
https://dx.doi.org/doi:10.14288/1.0384875
https://dx.doi.org/doi:10.14288/1.0413568
https://dx.doi.org/doi:10.14288/1.0048549
https://dx.doi.org/doi:10.14288/1.0048550
https://dx.doi.org/doi:10.14288/1.0048552
https://dx.doi.org/doi:10.14288/1.0224799
https://dx.doi.org/doi:10.14288/1.0305727
https://dx.doi.org/doi:10.14288/1.0340042
https://dx.doi.org/doi:10.14288/1.0403371
https://dx.doi.org/doi:10.14288/1.0076736
https://dx.doi.org/doi:10.14288/1.0107452
https://dx.doi.org/doi:10.14288/1.0107451
https://dx.doi.org/doi:10.14288/1.0107453
https://dx.doi.org/doi:10.14288/1.0343239
https://dx.doi.org/doi:10.14288/1.0343323
https://dx.doi.org/doi:10.14288/1.0343325
https://dx.doi.org/doi:10.14288/1.0360647
https://dx.doi.org/doi:10.14288/1.0103214
https://dx.doi.org/doi:10.14288/1.0107632
https://dx.doi.org/doi:10.14288/1.0107635
https://dx.doi.org/doi:10.14288/1.0107638
https://dx.doi.org/doi:10.14288/1.0107643
https://dx.doi.org/doi:10.14288/1.0107644
https://dx.doi.org/doi:10.14288/1.0107647
https://dx.doi.org/doi:10.14288/1.0107645
https://dx.doi.org/doi:10.14288/1.0107657
https://dx.doi.org/doi:10.14288/1.0107658
https://dx.doi.org/doi:10.14288/1.0107659
https://dx.doi.org/doi:10.14288/1.0228602
https://dx.doi.org/doi:10.14288/1.0303097
https://dx.doi.org/doi:10.14288/1.0320853
https://dx.doi.org/doi:10.14288/1.0340752
https://dx.doi.org/doi:10.14288/1.0343063
https://dx.doi.org/doi:10.14288/1.0357442
https://dx.doi.org/doi:10.14288/1.0357412
https://dx.doi.org/doi:10.14288/1.0363098
https://dx.doi.org/doi:10.14288/1.0364648
https://dx.doi.org/doi:10.14288/1.0368561
https://dx.doi.org/doi:10.14288/1.0368727
https://dx.doi.org/doi:10.14288/1.0377121
https://dx.doi.org/doi:10.14288/1.0377238
https://dx.doi.org/doi:10.14288/1.0378477
https://dx.doi.org/doi:10.14288/1.0379474
https://dx.doi.org/doi:10.14288/1.0388500
https://dx.doi.org/doi:10.14288/1.0388502
https://dx.doi.org/doi:10.14288/1.0388602
https://dx.doi.org/doi:10.14288/1.0388691
https://dx.doi.org/doi:10.14288/1.0395851
https://dx.doi.org/doi:10.14288/1.0395852
https://dx.doi.org/doi:10.14288/1.0395859
https://dx.doi.org/doi:10.14288/1.0395861
https://dx.doi.org/doi:10.14288/1.0395865
https://dx.doi.org/doi:10.14288/1.0395864
https://dx.doi.org/doi:10.14288/1.0395867
https://dx.doi.org/doi:10.14288/1.0395876
https://dx.doi.org/doi:10.14288/1.0395954
https://dx.doi.org/doi:10.14288/1.0395917
https://dx.doi.org/doi:10.14288/1.0397349
https://dx.doi.org/doi:10.14288/1.0397350
https://dx.doi.org/doi:10.14288/1.0398468
https://dx.doi.org/doi:10.14288/1.0402127
https://dx.doi.org/doi:10.14288/1.0402157
https://dx.doi.org/doi:10.14288/1.0406243
https://dx.doi.org/doi:10.14288/1.0406254
https://dx.doi.org/doi:10.14288/1.0406535
https://dx.doi.org/doi:10.14288/1.0413531
https://dx.doi.org/doi:10.14288/1.0415731
https://dx.doi.org/doi:10.14288/1.0416324
https://dx.doi.org/doi:10.14288/1.0421691
https://dx.doi.org/doi:10.14288/1.0081272
https://dx.doi.org/doi:10.14288/1.0081275
https://dx.doi.org/doi:10.14288/1.0081280
https://dx.doi.org/doi:10.14288/1.0103634
https://dx.doi.org/doi:10.14288/1.0379294
https://dx.doi.org/doi:10.14288/1.0379178
https://dx.doi.org/doi:10.14288/1.0379566
https://dx.doi.org/doi:10.14288/1.0379876
https://dx.doi.org/doi:10.14288/1.0380056
https://dx.doi.org/doi:10.14288/1.0107204
https://dx.doi.org/doi:10.14288/1.0107222
https://dx.doi.org/doi:10.14288/1.0107226
https://dx.doi.org/doi:10.14288/1.0107228
https://dx.doi.org/doi:10.14288/1.0107231
https://dx.doi.org/doi:10.14288/1.0107234
https://dx.doi.org/doi:10.14288/1.0107237
https://dx.doi.org/doi:10.14288/1.0107238
https://dx.doi.org/doi:10.14288/1.0319147
https://dx.doi.org/doi:10.14288/1.0376075
https://dx.doi.org/doi:10.14288/1.0398356
https://dx.doi.org/doi:10.14288/1.0398550
https://dx.doi.org/doi:10.14288/1.0400080
https://dx.doi.org/doi:10.14288/1.0064694
https://dx.doi.org/doi:10.14288/1.0064718
https://dx.doi.org/doi:10.14288/1.0064739
https://dx.doi.org/doi:10.14288/1.0076332
https://dx.doi.org/doi:10.14288/1.0076344
https://dx.doi.org/doi:10.14288/1.0076373
https://dx.doi.org/doi:10.14288/1.0076377
https://dx.doi.org/doi:10.14288/1.0076442
https://dx.doi.org/doi:10.14288/1.0076479
https://dx.doi.org/doi:10.14288/1.0076493
https://dx.doi.org/doi:10.14288/1.0076094
https://dx.doi.org/doi:10.14288/1.0314942
https://dx.doi.org/doi:10.14288/1.0107709
https://dx.doi.org/doi:10.14288/1.0107761
https://dx.doi.org/doi:10.14288/1.0314228
https://dx.doi.org/doi:10.14288/1.0314229
https://dx.doi.org/doi:10.14288/1.0314231
https://dx.doi.org/doi:10.14288/1.0314230
https://dx.doi.org/doi:10.14288/1.0314232
https://dx.doi.org/doi:10.14288/1.0314234
https://dx.doi.org/doi:10.14288/1.0314301
https://dx.doi.org/doi:10.14288/1.0314302
https://dx.doi.org/doi:10.14288/1.0314303
https://dx.doi.org/doi:10.14288/1.0314304
https://dx.doi.org/doi:10.14288/1.0314309
https://dx.doi.org/doi:10.14288/1.0320844
https://dx.doi.org/doi:10.14288/1.0320846
https://dx.doi.org/doi:10.14288/1.0320848
https://dx.doi.org/doi:10.14288/1.0320849
https://dx.doi.org/doi:10.14288/1.0320852
https://dx.doi.org/doi:10.14288/1.0320851
https://dx.doi.org/doi:10.14288/1.0320884
https://dx.doi.org/doi:10.14288/1.0320883
https://dx.doi.org/doi:10.14288/1.0320885
https://dx.doi.org/doi:10.14288/1.0320887
https://dx.doi.org/doi:10.14288/1.0340519
https://dx.doi.org/doi:10.14288/1.0340521
https://dx.doi.org/doi:10.14288/1.0340913
https://dx.doi.org/doi:10.14288/1.0340520
https://dx.doi.org/doi:10.14288/1.0340914
https://dx.doi.org/doi:10.14288/1.0342777
https://dx.doi.org/doi:10.14288/1.0081046
https://dx.doi.org/doi:10.14288/1.0081049
https://dx.doi.org/doi:10.14288/1.0040931
https://dx.doi.org/doi:10.14288/1.0040944
https://dx.doi.org/doi:10.14288/1.0076537
https://dx.doi.org/doi:10.14288/1.0052236
https://dx.doi.org/doi:10.14288/1.0076539
https://dx.doi.org/doi:10.14288/1.0076541
https://dx.doi.org/doi:10.14288/1.0076542
https://dx.doi.org/doi:10.14288/1.0076543
https://dx.doi.org/doi:10.14288/1.0076544
https://dx.doi.org/doi:10.14288/1.0076546
https://dx.doi.org/doi:10.14288/1.0076554
https://dx.doi.org/doi:10.14288/1.0076553
https://dx.doi.org/doi:10.14288/1.0076690
https://dx.doi.org/doi:10.14288/1.0103081
https://dx.doi.org/doi:10.14288/1.0062456
https://dx.doi.org/doi:10.14288/1.0103674
https://dx.doi.org/doi:10.14288/1.0103676
https://dx.doi.org/doi:10.14288/1.0103678
https://dx.doi.org/doi:10.14288/1.0103680
https://dx.doi.org/doi:10.14288/1.0103681
https://dx.doi.org/doi:10.14288/1.0103679
https://dx.doi.org/doi:10.14288/1.0103684
https://dx.doi.org/doi:10.14288/1.0103686
https://dx.doi.org/doi:10.14288/1.0103689
https://dx.doi.org/doi:10.14288/1.0103687
https://dx.doi.org/doi:10.14288/1.0103690
https://dx.doi.org/doi:10.14288/1.0103691
https://dx.doi.org/doi:10.14288/1.0103693
https://dx.doi.org/doi:10.14288/1.0103697
https://dx.doi.org/doi:10.14288/1.0103698
https://dx.doi.org/doi:10.14288/1.0103699
https://dx.doi.org/doi:10.14288/1.0103700
https://dx.doi.org/doi:10.14288/1.0103703
https://dx.doi.org/doi:10.14288/1.0348380
https://dx.doi.org/doi:10.14288/1.0348824
https://dx.doi.org/doi:10.14288/1.0355297
https://dx.doi.org/doi:10.14288/1.0371845
https://dx.doi.org/doi:10.14288/1.0108017
https://dx.doi.org/doi:10.14288/1.0042689
https://dx.doi.org/doi:10.14288/1.0077876
https://dx.doi.org/doi:10.14288/1.0103197
https://dx.doi.org/doi:10.14288/1.0363024
https://dx.doi.org/doi:10.14288/1.0396037
https://dx.doi.org/doi:10.14288/1.0396341
https://dx.doi.org/doi:10.14288/1.0400905
https://dx.doi.org/doi:10.14288/1.0400907
https://dx.doi.org/doi:10.14288/1.0041628
https://dx.doi.org/doi:10.14288/1.0056483
https://dx.doi.org/doi:10.14288/1.0103068
https://dx.doi.org/doi:10.14288/1.0103067
https://dx.doi.org/doi:10.14288/1.0103071
https://dx.doi.org/doi:10.14288/1.0103073
https://dx.doi.org/doi:10.14288/1.0342717
https://dx.doi.org/doi:10.14288/1.0343258
https://dx.doi.org/doi:10.14288/1.0348065
https://dx.doi.org/doi:10.14288/1.0407253
https://dx.doi.org/doi:10.14288/1.0077828
https://dx.doi.org/doi:10.14288/1.0077831
https://dx.doi.org/doi:10.14288/1.0077832
https://dx.doi.org/doi:10.14288/1.0077834
https://dx.doi.org/doi:10.14288/1.0077841
https://dx.doi.org/doi:10.14288/1.0077866
https://dx.doi.org/doi:10.14288/1.0077869
https://dx.doi.org/doi:10.14288/1.0077881
https://dx.doi.org/doi:10.14288/1.0077882
https://dx.doi.org/doi:10.14288/1.0224478
https://dx.doi.org/doi:10.14288/1.0373485
https://dx.doi.org/doi:10.14288/1.0373484
https://dx.doi.org/doi:10.14288/1.0389836
https://dx.doi.org/doi:10.14288/1.0389930
https://dx.doi.org/doi:10.14288/1.0392812
https://dx.doi.org/doi:10.14288/1.0392813
https://dx.doi.org/doi:10.14288/1.0392815
https://dx.doi.org/doi:10.14288/1.0392816
https://dx.doi.org/doi:10.14288/1.0392818
https://dx.doi.org/doi:10.14288/1.0392820
https://dx.doi.org/doi:10.14288/1.0392822
https://dx.doi.org/doi:10.14288/1.0392821
https://dx.doi.org/doi:10.14288/1.0392823
https://dx.doi.org/doi:10.14288/1.0392826
https://dx.doi.org/doi:10.14288/1.0392827
https://dx.doi.org/doi:10.14288/1.0392825
https://dx.doi.org/doi:10.14288/1.0413818
https://dx.doi.org/doi:10.14288/1.0413816
https://dx.doi.org/doi:10.14288/1.0413821
https://dx.doi.org/doi:10.14288/1.0413830
https://dx.doi.org/doi:10.14288/1.0415911
https://dx.doi.org/doi:10.14288/1.0415916
https://dx.doi.org/doi:10.14288/1.0415921
https://dx.doi.org/doi:10.14288/1.0415922
https://dx.doi.org/doi:10.14288/1.0415940
https://dx.doi.org/doi:10.14288/1.0415947
https://dx.doi.org/doi:10.14288/1.0415960
https://dx.doi.org/doi:10.14288/1.0415961
https://dx.doi.org/doi:10.14288/1.0415972
https://dx.doi.org/doi:10.14288/1.0415981
https://dx.doi.org/doi:10.14288/1.0415982
https://dx.doi.org/doi:10.14288/1.0415986
https://dx.doi.org/doi:10.14288/1.0415990
https://dx.doi.org/doi:10.14288/1.0416002
https://dx.doi.org/doi:10.14288/1.0228596
https://dx.doi.org/doi:10.14288/1.0366166
https://dx.doi.org/doi:10.14288/1.0366121
https://dx.doi.org/doi:10.14288/1.0395853
https://dx.doi.org/doi:10.14288/1.0103038
https://dx.doi.org/doi:10.14288/1.0103037
https://dx.doi.org/doi:10.14288/1.0103039
https://dx.doi.org/doi:10.14288/1.0103040
https://dx.doi.org/doi:10.14288/1.0103043
https://dx.doi.org/doi:10.14288/1.0103044
https://dx.doi.org/doi:10.14288/1.0103045
https://dx.doi.org/doi:10.14288/1.0103050
https://dx.doi.org/doi:10.14288/1.0103052
https://dx.doi.org/doi:10.14288/1.0103055
https://dx.doi.org/doi:10.14288/1.0103054
https://dx.doi.org/doi:10.14288/1.0103056
https://dx.doi.org/doi:10.14288/1.0103059
https://dx.doi.org/doi:10.14288/1.0103058
https://dx.doi.org/doi:10.14288/1.0103060
https://dx.doi.org/doi:10.14288/1.0103065
https://dx.doi.org/doi:10.14288/1.0103066
https://dx.doi.org/doi:10.14288/1.0103172
https://dx.doi.org/doi:10.14288/1.0103173
https://dx.doi.org/doi:10.14288/1.0103175
https://dx.doi.org/doi:10.14288/1.0103174
https://dx.doi.org/doi:10.14288/1.0103176
https://dx.doi.org/doi:10.14288/1.0103177
https://dx.doi.org/doi:10.14288/1.0103178
https://dx.doi.org/doi:10.14288/1.0103180
https://dx.doi.org/doi:10.14288/1.0103179
https://dx.doi.org/doi:10.14288/1.0103181
https://dx.doi.org/doi:10.14288/1.0103183
https://dx.doi.org/doi:10.14288/1.0103182
https://dx.doi.org/doi:10.14288/1.0103184
https://dx.doi.org/doi:10.14288/1.0103185
https://dx.doi.org/doi:10.14288/1.0103187
https://dx.doi.org/doi:10.14288/1.0103188
https://dx.doi.org/doi:10.14288/1.0103186
https://dx.doi.org/doi:10.14288/1.0103189
https://dx.doi.org/doi:10.14288/1.0103190
https://dx.doi.org/doi:10.14288/1.0103192
https://dx.doi.org/doi:10.14288/1.0103191
https://dx.doi.org/doi:10.14288/1.0103193
https://dx.doi.org/doi:10.14288/1.0103196
https://dx.doi.org/doi:10.14288/1.0103194
https://dx.doi.org/doi:10.14288/1.0103195
https://dx.doi.org/doi:10.14288/1.0103199
https://dx.doi.org/doi:10.14288/1.0103198
https://dx.doi.org/doi:10.14288/1.0103200
https://dx.doi.org/doi:10.14288/1.0378875
https://dx.doi.org/doi:10.14288/1.0385878
https://dx.doi.org/doi:10.14288/1.0401801
https://dx.doi.org/doi:10.14288/1.0417287
https://dx.doi.org/doi:10.14288/1.0228377
https://dx.doi.org/doi:10.14288/1.0228378
https://dx.doi.org/doi:10.14288/1.0075863
https://dx.doi.org/doi:10.14288/1.0077877
https://dx.doi.org/doi:10.14288/1.0228595
https://dx.doi.org/doi:10.14288/1.0228597
https://dx.doi.org/doi:10.14288/1.0343324
https://dx.doi.org/doi:10.14288/1.0365285
https://dx.doi.org/doi:10.14288/1.0385531
https://dx.doi.org/doi:10.14288/1.0398229
https://dx.doi.org/doi:10.14288/1.0355657
https://dx.doi.org/doi:10.14288/1.0355659
https://dx.doi.org/doi:10.14288/1.0355662
https://dx.doi.org/doi:10.14288/1.0363023
https://dx.doi.org/doi:10.14288/1.0302698
https://dx.doi.org/doi:10.14288/1.0305722
https://dx.doi.org/doi:10.14288/1.0308081
https://dx.doi.org/doi:10.14288/1.0361944
https://dx.doi.org/doi:10.14288/1.0395825
https://dx.doi.org/doi:10.14288/1.0397265
https://dx.doi.org/doi:10.14288/1.0421692
https://dx.doi.org/doi:10.14288/1.0081279
https://dx.doi.org/doi:10.14288/1.0103635
https://dx.doi.org/doi:10.14288/1.0103638
https://dx.doi.org/doi:10.14288/1.0107763
https://dx.doi.org/doi:10.14288/1.0107764
https://dx.doi.org/doi:10.14288/1.0107767
https://dx.doi.org/doi:10.14288/1.0107765
https://dx.doi.org/doi:10.14288/1.0107766
https://dx.doi.org/doi:10.14288/1.0107768
https://dx.doi.org/doi:10.14288/1.0107770
https://dx.doi.org/doi:10.14288/1.0107769
https://dx.doi.org/doi:10.14288/1.0107771
https://dx.doi.org/doi:10.14288/1.0107772
https://dx.doi.org/doi:10.14288/1.0107773
https://dx.doi.org/doi:10.14288/1.0107775
https://dx.doi.org/doi:10.14288/1.0107774
https://dx.doi.org/doi:10.14288/1.0107776
https://dx.doi.org/doi:10.14288/1.0107778
https://dx.doi.org/doi:10.14288/1.0107777
https://dx.doi.org/doi:10.14288/1.0107779
https://dx.doi.org/doi:10.14288/1.0107780
https://dx.doi.org/doi:10.14288/1.0107781
https://dx.doi.org/doi:10.14288/1.0107782
https://dx.doi.org/doi:10.14288/1.0107783
https://dx.doi.org/doi:10.14288/1.0107784
https://dx.doi.org/doi:10.14288/1.0107785
https://dx.doi.org/doi:10.14288/1.0107787
https://dx.doi.org/doi:10.14288/1.0107786
https://dx.doi.org/doi:10.14288/1.0107788
https://dx.doi.org/doi:10.14288/1.0107790
https://dx.doi.org/doi:10.14288/1.0107789
https://dx.doi.org/doi:10.14288/1.0107791
https://dx.doi.org/doi:10.14288/1.0107792
https://dx.doi.org/doi:10.14288/1.0107793
https://dx.doi.org/doi:10.14288/1.0107795
https://dx.doi.org/doi:10.14288/1.0107794
https://dx.doi.org/doi:10.14288/1.0107796
https://dx.doi.org/doi:10.14288/1.0107798
https://dx.doi.org/doi:10.14288/1.0107800
https://dx.doi.org/doi:10.14288/1.0107801
https://dx.doi.org/doi:10.14288/1.0107803
https://dx.doi.org/doi:10.14288/1.0107802
https://dx.doi.org/doi:10.14288/1.0107804
https://dx.doi.org/doi:10.14288/1.0107805
https://dx.doi.org/doi:10.14288/1.0107807
https://dx.doi.org/doi:10.14288/1.0107806
https://dx.doi.org/doi:10.14288/1.0107808
https://dx.doi.org/doi:10.14288/1.0107809
https://dx.doi.org/doi:10.14288/1.0107812
https://dx.doi.org/doi:10.14288/1.0107813
https://dx.doi.org/doi:10.14288/1.0107814
https://dx.doi.org/doi:10.14288/1.0107817
https://dx.doi.org/doi:10.14288/1.0107818
https://dx.doi.org/doi:10.14288/1.0107820
https://dx.doi.org/doi:10.14288/1.0107821
https://dx.doi.org/doi:10.14288/1.0107826
https://dx.doi.org/doi:10.14288/1.0107825
https://dx.doi.org/doi:10.14288/1.0107833
https://dx.doi.org/doi:10.14288/1.0107834
https://dx.doi.org/doi:10.14288/1.0107836
https://dx.doi.org/doi:10.14288/1.0107839
https://dx.doi.org/doi:10.14288/1.0107841
https://dx.doi.org/doi:10.14288/1.0107843
https://dx.doi.org/doi:10.14288/1.0107845
https://dx.doi.org/doi:10.14288/1.0107851
https://dx.doi.org/doi:10.14288/1.0107850
https://dx.doi.org/doi:10.14288/1.0107856
https://dx.doi.org/doi:10.14288/1.0107866
https://dx.doi.org/doi:10.14288/1.0132760
https://dx.doi.org/doi:10.14288/1.0228493
https://dx.doi.org/doi:10.14288/1.0300118
https://dx.doi.org/doi:10.14288/1.0228648
https://dx.doi.org/doi:10.14288/1.0300121
https://dx.doi.org/doi:10.14288/1.0342913
https://dx.doi.org/doi:10.14288/1.0314569
https://dx.doi.org/doi:10.14288/1.0342914
https://dx.doi.org/doi:10.14288/1.0342915
https://dx.doi.org/doi:10.14288/1.0342916
https://dx.doi.org/doi:10.14288/1.0355471
https://dx.doi.org/doi:10.14288/1.0355478
https://dx.doi.org/doi:10.14288/1.0355483
https://dx.doi.org/doi:10.14288/1.0355481
https://dx.doi.org/doi:10.14288/1.0355484
https://dx.doi.org/doi:10.14288/1.0355486
https://dx.doi.org/doi:10.14288/1.0355487
https://dx.doi.org/doi:10.14288/1.0355485
https://dx.doi.org/doi:10.14288/1.0355488
https://dx.doi.org/doi:10.14288/1.0355490
https://dx.doi.org/doi:10.14288/1.0355491
https://dx.doi.org/doi:10.14288/1.0376646
https://dx.doi.org/doi:10.14288/1.0376663
https://dx.doi.org/doi:10.14288/1.0064675
https://dx.doi.org/doi:10.14288/1.0064676
https://dx.doi.org/doi:10.14288/1.0064677
https://dx.doi.org/doi:10.14288/1.0064679
https://dx.doi.org/doi:10.14288/1.0064687
https://dx.doi.org/doi:10.14288/1.0064688
https://dx.doi.org/doi:10.14288/1.0064689
https://dx.doi.org/doi:10.14288/1.0064692
https://dx.doi.org/doi:10.14288/1.0064690
https://dx.doi.org/doi:10.14288/1.0064701
https://dx.doi.org/doi:10.14288/1.0064697
https://dx.doi.org/doi:10.14288/1.0064702
https://dx.doi.org/doi:10.14288/1.0064704
https://dx.doi.org/doi:10.14288/1.0064707
https://dx.doi.org/doi:10.14288/1.0064708
https://dx.doi.org/doi:10.14288/1.0064710
https://dx.doi.org/doi:10.14288/1.0064715
https://dx.doi.org/doi:10.14288/1.0064717
https://dx.doi.org/doi:10.14288/1.0064722
https://dx.doi.org/doi:10.14288/1.0064725
https://dx.doi.org/doi:10.14288/1.0064728
https://dx.doi.org/doi:10.14288/1.0064730
https://dx.doi.org/doi:10.14288/1.0064731
https://dx.doi.org/doi:10.14288/1.0064733
https://dx.doi.org/doi:10.14288/1.0064734
https://dx.doi.org/doi:10.14288/1.0064740
https://dx.doi.org/doi:10.14288/1.0064742
https://dx.doi.org/doi:10.14288/1.0064743
https://dx.doi.org/doi:10.14288/1.0064746
https://dx.doi.org/doi:10.14288/1.0064749
https://dx.doi.org/doi:10.14288/1.0064752
https://dx.doi.org/doi:10.14288/1.0064755
https://dx.doi.org/doi:10.14288/1.0064754
https://dx.doi.org/doi:10.14288/1.0064758
https://dx.doi.org/doi:10.14288/1.0064759
https://dx.doi.org/doi:10.14288/1.0064763
https://dx.doi.org/doi:10.14288/1.0076310
https://dx.doi.org/doi:10.14288/1.0076311
https://dx.doi.org/doi:10.14288/1.0076315
https://dx.doi.org/doi:10.14288/1.0076317
https://dx.doi.org/doi:10.14288/1.0076318
https://dx.doi.org/doi:10.14288/1.0076320
https://dx.doi.org/doi:10.14288/1.0076321
https://dx.doi.org/doi:10.14288/1.0076323
https://dx.doi.org/doi:10.14288/1.0076325
https://dx.doi.org/doi:10.14288/1.0076328
https://dx.doi.org/doi:10.14288/1.0076330
https://dx.doi.org/doi:10.14288/1.0076334
https://dx.doi.org/doi:10.14288/1.0076336
https://dx.doi.org/doi:10.14288/1.0076339
https://dx.doi.org/doi:10.14288/1.0076340
https://dx.doi.org/doi:10.14288/1.0076345
https://dx.doi.org/doi:10.14288/1.0076354
https://dx.doi.org/doi:10.14288/1.0076356
https://dx.doi.org/doi:10.14288/1.0076358
https://dx.doi.org/doi:10.14288/1.0076361
https://dx.doi.org/doi:10.14288/1.0076365
https://dx.doi.org/doi:10.14288/1.0076366
https://dx.doi.org/doi:10.14288/1.0076367
https://dx.doi.org/doi:10.14288/1.0076368
https://dx.doi.org/doi:10.14288/1.0076370
https://dx.doi.org/doi:10.14288/1.0076372
https://dx.doi.org/doi:10.14288/1.0076374
https://dx.doi.org/doi:10.14288/1.0076376
https://dx.doi.org/doi:10.14288/1.0076375
https://dx.doi.org/doi:10.14288/1.0076378
https://dx.doi.org/doi:10.14288/1.0076380
https://dx.doi.org/doi:10.14288/1.0076383
https://dx.doi.org/doi:10.14288/1.0076385
https://dx.doi.org/doi:10.14288/1.0076389
https://dx.doi.org/doi:10.14288/1.0076390
https://dx.doi.org/doi:10.14288/1.0076393
https://dx.doi.org/doi:10.14288/1.0076397
https://dx.doi.org/doi:10.14288/1.0076395
https://dx.doi.org/doi:10.14288/1.0076398
https://dx.doi.org/doi:10.14288/1.0076399
https://dx.doi.org/doi:10.14288/1.0076400
https://dx.doi.org/doi:10.14288/1.0076403
https://dx.doi.org/doi:10.14288/1.0076404
https://dx.doi.org/doi:10.14288/1.0076405
https://dx.doi.org/doi:10.14288/1.0076408
https://dx.doi.org/doi:10.14288/1.0076409
https://dx.doi.org/doi:10.14288/1.0076410
https://dx.doi.org/doi:10.14288/1.0076412
https://dx.doi.org/doi:10.14288/1.0076415
https://dx.doi.org/doi:10.14288/1.0076417
https://dx.doi.org/doi:10.14288/1.0076420
https://dx.doi.org/doi:10.14288/1.0076421
https://dx.doi.org/doi:10.14288/1.0076419
https://dx.doi.org/doi:10.14288/1.0076422
https://dx.doi.org/doi:10.14288/1.0076423
https://dx.doi.org/doi:10.14288/1.0076426
https://dx.doi.org/doi:10.14288/1.0076428
https://dx.doi.org/doi:10.14288/1.0076430
https://dx.doi.org/doi:10.14288/1.0076431
https://dx.doi.org/doi:10.14288/1.0076436
https://dx.doi.org/doi:10.14288/1.0076435
https://dx.doi.org/doi:10.14288/1.0076438
https://dx.doi.org/doi:10.14288/1.0076440
https://dx.doi.org/doi:10.14288/1.0076441
https://dx.doi.org/doi:10.14288/1.0076443
https://dx.doi.org/doi:10.14288/1.0076445
https://dx.doi.org/doi:10.14288/1.0076448
https://dx.doi.org/doi:10.14288/1.0076447
https://dx.doi.org/doi:10.14288/1.0076456
https://dx.doi.org/doi:10.14288/1.0076455
https://dx.doi.org/doi:10.14288/1.0076458
https://dx.doi.org/doi:10.14288/1.0076460
https://dx.doi.org/doi:10.14288/1.0076462
https://dx.doi.org/doi:10.14288/1.0076466
https://dx.doi.org/doi:10.14288/1.0076467
https://dx.doi.org/doi:10.14288/1.0076468
https://dx.doi.org/doi:10.14288/1.0076474
https://dx.doi.org/doi:10.14288/1.0076475
https://dx.doi.org/doi:10.14288/1.0076476
https://dx.doi.org/doi:10.14288/1.0076481
https://dx.doi.org/doi:10.14288/1.0076480
https://dx.doi.org/doi:10.14288/1.0076483
https://dx.doi.org/doi:10.14288/1.0076485
https://dx.doi.org/doi:10.14288/1.0076484
https://dx.doi.org/doi:10.14288/1.0076486
https://dx.doi.org/doi:10.14288/1.0076488
https://dx.doi.org/doi:10.14288/1.0076490
https://dx.doi.org/doi:10.14288/1.0076492
https://dx.doi.org/doi:10.14288/1.0076495
https://dx.doi.org/doi:10.14288/1.0076497
https://dx.doi.org/doi:10.14288/1.0076499
https://dx.doi.org/doi:10.14288/1.0076500
https://dx.doi.org/doi:10.14288/1.0076503
https://dx.doi.org/doi:10.14288/1.0076504
https://dx.doi.org/doi:10.14288/1.0076011
https://dx.doi.org/doi:10.14288/1.0076016
https://dx.doi.org/doi:10.14288/1.0076023
https://dx.doi.org/doi:10.14288/1.0076027
https://dx.doi.org/doi:10.14288/1.0076030
https://dx.doi.org/doi:10.14288/1.0076034
https://dx.doi.org/doi:10.14288/1.0076038
https://dx.doi.org/doi:10.14288/1.0076051
https://dx.doi.org/doi:10.14288/1.0076052
https://dx.doi.org/doi:10.14288/1.0076054
https://dx.doi.org/doi:10.14288/1.0076053
https://dx.doi.org/doi:10.14288/1.0076058
https://dx.doi.org/doi:10.14288/1.0076060
https://dx.doi.org/doi:10.14288/1.0076065
https://dx.doi.org/doi:10.14288/1.0076066
https://dx.doi.org/doi:10.14288/1.0076067
https://dx.doi.org/doi:10.14288/1.0076068
https://dx.doi.org/doi:10.14288/1.0076070
https://dx.doi.org/doi:10.14288/1.0076078
https://dx.doi.org/doi:10.14288/1.0076079
https://dx.doi.org/doi:10.14288/1.0076080
https://dx.doi.org/doi:10.14288/1.0076082
https://dx.doi.org/doi:10.14288/1.0076084
https://dx.doi.org/doi:10.14288/1.0076085
https://dx.doi.org/doi:10.14288/1.0076086
https://dx.doi.org/doi:10.14288/1.0076089
https://dx.doi.org/doi:10.14288/1.0076093
https://dx.doi.org/doi:10.14288/1.0076096
https://dx.doi.org/doi:10.14288/1.0076102
https://dx.doi.org/doi:10.14288/1.0076104
https://dx.doi.org/doi:10.14288/1.0076106
https://dx.doi.org/doi:10.14288/1.0076112
https://dx.doi.org/doi:10.14288/1.0076113
https://dx.doi.org/doi:10.14288/1.0076122
https://dx.doi.org/doi:10.14288/1.0076127
https://dx.doi.org/doi:10.14288/1.0076128
https://dx.doi.org/doi:10.14288/1.0076130
https://dx.doi.org/doi:10.14288/1.0076132
https://dx.doi.org/doi:10.14288/1.0076133
https://dx.doi.org/doi:10.14288/1.0076136
https://dx.doi.org/doi:10.14288/1.0076137
https://dx.doi.org/doi:10.14288/1.0076141
https://dx.doi.org/doi:10.14288/1.0076144
https://dx.doi.org/doi:10.14288/1.0076148
https://dx.doi.org/doi:10.14288/1.0076149
https://dx.doi.org/doi:10.14288/1.0076152
https://dx.doi.org/doi:10.14288/1.0076155
https://dx.doi.org/doi:10.14288/1.0076158
https://dx.doi.org/doi:10.14288/1.0076159
https://dx.doi.org/doi:10.14288/1.0076171
https://dx.doi.org/doi:10.14288/1.0076180
https://dx.doi.org/doi:10.14288/1.0076183
https://dx.doi.org/doi:10.14288/1.0076185
https://dx.doi.org/doi:10.14288/1.0076187
https://dx.doi.org/doi:10.14288/1.0076189
https://dx.doi.org/doi:10.14288/1.0076194
https://dx.doi.org/doi:10.14288/1.0076192
https://dx.doi.org/doi:10.14288/1.0076196
https://dx.doi.org/doi:10.14288/1.0076198
https://dx.doi.org/doi:10.14288/1.0076207
https://dx.doi.org/doi:10.14288/1.0076208
https://dx.doi.org/doi:10.14288/1.0076216
https://dx.doi.org/doi:10.14288/1.0076218
https://dx.doi.org/doi:10.14288/1.0076219
https://dx.doi.org/doi:10.14288/1.0076222
https://dx.doi.org/doi:10.14288/1.0076223
https://dx.doi.org/doi:10.14288/1.0076225
https://dx.doi.org/doi:10.14288/1.0076228
https://dx.doi.org/doi:10.14288/1.0076230
https://dx.doi.org/doi:10.14288/1.0076233
https://dx.doi.org/doi:10.14288/1.0076232
https://dx.doi.org/doi:10.14288/1.0076234
https://dx.doi.org/doi:10.14288/1.0076236
https://dx.doi.org/doi:10.14288/1.0076238
https://dx.doi.org/doi:10.14288/1.0076239
https://dx.doi.org/doi:10.14288/1.0076240
https://dx.doi.org/doi:10.14288/1.0076242
https://dx.doi.org/doi:10.14288/1.0076243
https://dx.doi.org/doi:10.14288/1.0076246
https://dx.doi.org/doi:10.14288/1.0076248
https://dx.doi.org/doi:10.14288/1.0076251
https://dx.doi.org/doi:10.14288/1.0076255
https://dx.doi.org/doi:10.14288/1.0076261
https://dx.doi.org/doi:10.14288/1.0076272
https://dx.doi.org/doi:10.14288/1.0076274
https://dx.doi.org/doi:10.14288/1.0076275
https://dx.doi.org/doi:10.14288/1.0076281
https://dx.doi.org/doi:10.14288/1.0076293
https://dx.doi.org/doi:10.14288/1.0076298
https://dx.doi.org/doi:10.14288/1.0076303
https://dx.doi.org/doi:10.14288/1.0076306
https://dx.doi.org/doi:10.14288/1.0076309
https://dx.doi.org/doi:10.14288/1.0102594
https://dx.doi.org/doi:10.14288/1.0102595
https://dx.doi.org/doi:10.14288/1.0102596
https://dx.doi.org/doi:10.14288/1.0102597
https://dx.doi.org/doi:10.14288/1.0102598
https://dx.doi.org/doi:10.14288/1.0102599
https://dx.doi.org/doi:10.14288/1.0102600
https://dx.doi.org/doi:10.14288/1.0102601
https://dx.doi.org/doi:10.14288/1.0102605
https://dx.doi.org/doi:10.14288/1.0102606
https://dx.doi.org/doi:10.14288/1.0102607
https://dx.doi.org/doi:10.14288/1.0102608
https://dx.doi.org/doi:10.14288/1.0102610
https://dx.doi.org/doi:10.14288/1.0102609
https://dx.doi.org/doi:10.14288/1.0102613
https://dx.doi.org/doi:10.14288/1.0102614
https://dx.doi.org/doi:10.14288/1.0102615
https://dx.doi.org/doi:10.14288/1.0102616
https://dx.doi.org/doi:10.14288/1.0102618
https://dx.doi.org/doi:10.14288/1.0102617
https://dx.doi.org/doi:10.14288/1.0102619
https://dx.doi.org/doi:10.14288/1.0102620
https://dx.doi.org/doi:10.14288/1.0102622
https://dx.doi.org/doi:10.14288/1.0102624
https://dx.doi.org/doi:10.14288/1.0102628
https://dx.doi.org/doi:10.14288/1.0102629
https://dx.doi.org/doi:10.14288/1.0102631
https://dx.doi.org/doi:10.14288/1.0107465
https://dx.doi.org/doi:10.14288/1.0107467
https://dx.doi.org/doi:10.14288/1.0107469
https://dx.doi.org/doi:10.14288/1.0107471
https://dx.doi.org/doi:10.14288/1.0107472
https://dx.doi.org/doi:10.14288/1.0107475
https://dx.doi.org/doi:10.14288/1.0107476
https://dx.doi.org/doi:10.14288/1.0107478
https://dx.doi.org/doi:10.14288/1.0107477
https://dx.doi.org/doi:10.14288/1.0107481
https://dx.doi.org/doi:10.14288/1.0107482
https://dx.doi.org/doi:10.14288/1.0107480
https://dx.doi.org/doi:10.14288/1.0107485
https://dx.doi.org/doi:10.14288/1.0107486
https://dx.doi.org/doi:10.14288/1.0107489
https://dx.doi.org/doi:10.14288/1.0107488
https://dx.doi.org/doi:10.14288/1.0107490
https://dx.doi.org/doi:10.14288/1.0107491
https://dx.doi.org/doi:10.14288/1.0107492
https://dx.doi.org/doi:10.14288/1.0107494
https://dx.doi.org/doi:10.14288/1.0107497
https://dx.doi.org/doi:10.14288/1.0107496
https://dx.doi.org/doi:10.14288/1.0107498
https://dx.doi.org/doi:10.14288/1.0107499
https://dx.doi.org/doi:10.14288/1.0107501
https://dx.doi.org/doi:10.14288/1.0107500
https://dx.doi.org/doi:10.14288/1.0107503
https://dx.doi.org/doi:10.14288/1.0107504
https://dx.doi.org/doi:10.14288/1.0107506
https://dx.doi.org/doi:10.14288/1.0107509
https://dx.doi.org/doi:10.14288/1.0107510
https://dx.doi.org/doi:10.14288/1.0107511
https://dx.doi.org/doi:10.14288/1.0107512
https://dx.doi.org/doi:10.14288/1.0108011
https://dx.doi.org/doi:10.14288/1.0108016
https://dx.doi.org/doi:10.14288/1.0357362
https://dx.doi.org/doi:10.14288/1.0357410
https://dx.doi.org/doi:10.14288/1.0357432
https://dx.doi.org/doi:10.14288/1.0357411
https://dx.doi.org/doi:10.14288/1.0357433
https://dx.doi.org/doi:10.14288/1.0357434
https://dx.doi.org/doi:10.14288/1.0366945
https://dx.doi.org/doi:10.14288/1.0366944
https://dx.doi.org/doi:10.14288/1.0373481
https://dx.doi.org/doi:10.14288/1.0373482
https://dx.doi.org/doi:10.14288/1.0373483
https://dx.doi.org/doi:10.14288/1.0378886
https://dx.doi.org/doi:10.14288/1.0378856
https://dx.doi.org/doi:10.14288/1.0378887
https://dx.doi.org/doi:10.14288/1.0380713
https://dx.doi.org/doi:10.14288/1.0378997
https://dx.doi.org/doi:10.14288/1.0380714
https://dx.doi.org/doi:10.14288/1.0224082
https://dx.doi.org/doi:10.14288/1.0224468
https://dx.doi.org/doi:10.14288/1.0224786
https://dx.doi.org/doi:10.14288/1.0224787
https://dx.doi.org/doi:10.14288/1.0224788
https://dx.doi.org/doi:10.14288/1.0228797
https://dx.doi.org/doi:10.14288/1.0300218
https://dx.doi.org/doi:10.14288/1.0302708
https://dx.doi.org/doi:10.14288/1.0302709
https://dx.doi.org/doi:10.14288/1.0220802
https://dx.doi.org/doi:10.14288/1.0220803
https://dx.doi.org/doi:10.14288/1.0220807
https://dx.doi.org/doi:10.14288/1.0220805
https://dx.doi.org/doi:10.14288/1.0220806
https://dx.doi.org/doi:10.14288/1.0220808
https://dx.doi.org/doi:10.14288/1.0220809
https://dx.doi.org/doi:10.14288/1.0220810
https://dx.doi.org/doi:10.14288/1.0220811
https://dx.doi.org/doi:10.14288/1.0220812
https://dx.doi.org/doi:10.14288/1.0220813
https://dx.doi.org/doi:10.14288/1.0220814
https://dx.doi.org/doi:10.14288/1.0220815
https://dx.doi.org/doi:10.14288/1.0220816
https://dx.doi.org/doi:10.14288/1.0220817
https://dx.doi.org/doi:10.14288/1.0220818
https://dx.doi.org/doi:10.14288/1.0220819
https://dx.doi.org/doi:10.14288/1.0220845
https://dx.doi.org/doi:10.14288/1.0220846
https://dx.doi.org/doi:10.14288/1.0220848
https://dx.doi.org/doi:10.14288/1.0220854
https://dx.doi.org/doi:10.14288/1.0223724
https://dx.doi.org/doi:10.14288/1.0304651
https://dx.doi.org/doi:10.14288/1.0304652
https://dx.doi.org/doi:10.14288/1.0305042
https://dx.doi.org/doi:10.14288/1.0305689
https://dx.doi.org/doi:10.14288/1.0305692
https://dx.doi.org/doi:10.14288/1.0305730
https://dx.doi.org/doi:10.14288/1.0305729
https://dx.doi.org/doi:10.14288/1.0305732
https://dx.doi.org/doi:10.14288/1.0305739
https://dx.doi.org/doi:10.14288/1.0354580
https://dx.doi.org/doi:10.14288/1.0107684
https://dx.doi.org/doi:10.14288/1.0107683
https://dx.doi.org/doi:10.14288/1.0107688
https://dx.doi.org/doi:10.14288/1.0107691
https://dx.doi.org/doi:10.14288/1.0107692
https://dx.doi.org/doi:10.14288/1.0107690
https://dx.doi.org/doi:10.14288/1.0107693
https://dx.doi.org/doi:10.14288/1.0107700
https://dx.doi.org/doi:10.14288/1.0107705
https://dx.doi.org/doi:10.14288/1.0107707
https://dx.doi.org/doi:10.14288/1.0107715
https://dx.doi.org/doi:10.14288/1.0107714
https://dx.doi.org/doi:10.14288/1.0107717
https://dx.doi.org/doi:10.14288/1.0107718
https://dx.doi.org/doi:10.14288/1.0107720
https://dx.doi.org/doi:10.14288/1.0107722
https://dx.doi.org/doi:10.14288/1.0107727
https://dx.doi.org/doi:10.14288/1.0107730
https://dx.doi.org/doi:10.14288/1.0107731
https://dx.doi.org/doi:10.14288/1.0107736
https://dx.doi.org/doi:10.14288/1.0107739
https://dx.doi.org/doi:10.14288/1.0107740
https://dx.doi.org/doi:10.14288/1.0107755
https://dx.doi.org/doi:10.14288/1.0040932
https://dx.doi.org/doi:10.14288/1.0040935
https://dx.doi.org/doi:10.14288/1.0040942
https://dx.doi.org/doi:10.14288/1.0040960
https://dx.doi.org/doi:10.14288/1.0103155
https://dx.doi.org/doi:10.14288/1.0103156
https://dx.doi.org/doi:10.14288/1.0103157
https://dx.doi.org/doi:10.14288/1.0103158
https://dx.doi.org/doi:10.14288/1.0103160
https://dx.doi.org/doi:10.14288/1.0103162
https://dx.doi.org/doi:10.14288/1.0103163
https://dx.doi.org/doi:10.14288/1.0103161
https://dx.doi.org/doi:10.14288/1.0103164
https://dx.doi.org/doi:10.14288/1.0103165
https://dx.doi.org/doi:10.14288/1.0103166
https://dx.doi.org/doi:10.14288/1.0103167
https://dx.doi.org/doi:10.14288/1.0103168
https://dx.doi.org/doi:10.14288/1.0103169
https://dx.doi.org/doi:10.14288/1.0103170
https://dx.doi.org/doi:10.14288/1.0103171
https://dx.doi.org/doi:10.14288/1.0107664
https://dx.doi.org/doi:10.14288/1.0107667
https://dx.doi.org/doi:10.14288/1.0107668
https://dx.doi.org/doi:10.14288/1.0107676
https://dx.doi.org/doi:10.14288/1.0107680
https://dx.doi.org/doi:10.14288/1.0107681
https://dx.doi.org/doi:10.14288/1.0107682
https://dx.doi.org/doi:10.14288/1.0076540
https://dx.doi.org/doi:10.14288/1.0076545
https://dx.doi.org/doi:10.14288/1.0076549
https://dx.doi.org/doi:10.14288/1.0076552
https://dx.doi.org/doi:10.14288/1.0305063
https://dx.doi.org/doi:10.14288/1.0306879
https://dx.doi.org/doi:10.14288/1.0076694
https://dx.doi.org/doi:10.14288/1.0103074
https://dx.doi.org/doi:10.14288/1.0103075
https://dx.doi.org/doi:10.14288/1.0103077
https://dx.doi.org/doi:10.14288/1.0103078
https://dx.doi.org/doi:10.14288/1.0103079
https://dx.doi.org/doi:10.14288/1.0103080
https://dx.doi.org/doi:10.14288/1.0103083
https://dx.doi.org/doi:10.14288/1.0103084
https://dx.doi.org/doi:10.14288/1.0103082
https://dx.doi.org/doi:10.14288/1.0103085
https://dx.doi.org/doi:10.14288/1.0103088
https://dx.doi.org/doi:10.14288/1.0103087
https://dx.doi.org/doi:10.14288/1.0103091
https://dx.doi.org/doi:10.14288/1.0103090
https://dx.doi.org/doi:10.14288/1.0103104
https://dx.doi.org/doi:10.14288/1.0354385
https://dx.doi.org/doi:10.14288/1.0354387
https://dx.doi.org/doi:10.14288/1.0355296
https://dx.doi.org/doi:10.14288/1.0354789
https://dx.doi.org/doi:10.14288/1.0355298
https://dx.doi.org/doi:10.14288/1.0355324
https://dx.doi.org/doi:10.14288/1.0371898
https://dx.doi.org/doi:10.14288/1.0371944
https://dx.doi.org/doi:10.14288/1.0364290
https://dx.doi.org/doi:10.14288/1.0374914
https://dx.doi.org/doi:10.14288/1.0377282
https://dx.doi.org/doi:10.14288/1.0390271
https://dx.doi.org/doi:10.14288/1.0394920
https://dx.doi.org/doi:10.14288/1.0394921
https://dx.doi.org/doi:10.14288/1.0394881
https://dx.doi.org/doi:10.14288/1.0396043
https://dx.doi.org/doi:10.14288/1.0396066
https://dx.doi.org/doi:10.14288/1.0403692
https://dx.doi.org/doi:10.14288/1.0406134
https://dx.doi.org/doi:10.14288/1.0406602
https://dx.doi.org/doi:10.14288/1.0421631
https://dx.doi.org/doi:10.14288/1.0102635
https://dx.doi.org/doi:10.14288/1.0102638
https://dx.doi.org/doi:10.14288/1.0102636
https://dx.doi.org/doi:10.14288/1.0102637
https://dx.doi.org/doi:10.14288/1.0102639
https://dx.doi.org/doi:10.14288/1.0102640
https://dx.doi.org/doi:10.14288/1.0102642
https://dx.doi.org/doi:10.14288/1.0102641
https://dx.doi.org/doi:10.14288/1.0102643
https://dx.doi.org/doi:10.14288/1.0102644
https://dx.doi.org/doi:10.14288/1.0102645
https://dx.doi.org/doi:10.14288/1.0102646
https://dx.doi.org/doi:10.14288/1.0102648
https://dx.doi.org/doi:10.14288/1.0102649
https://dx.doi.org/doi:10.14288/1.0108015
https://dx.doi.org/doi:10.14288/1.0108020
https://dx.doi.org/doi:10.14288/1.0108021
https://dx.doi.org/doi:10.14288/1.0108023
https://dx.doi.org/doi:10.14288/1.0108024
https://dx.doi.org/doi:10.14288/1.0108022
https://dx.doi.org/doi:10.14288/1.0108026
https://dx.doi.org/doi:10.14288/1.0108027
https://dx.doi.org/doi:10.14288/1.0108028
https://dx.doi.org/doi:10.14288/1.0108029
https://dx.doi.org/doi:10.14288/1.0108030
https://dx.doi.org/doi:10.14288/1.0108032
https://dx.doi.org/doi:10.14288/1.0108033
https://dx.doi.org/doi:10.14288/1.0108031
https://dx.doi.org/doi:10.14288/1.0228504
https://dx.doi.org/doi:10.14288/1.0340964
https://dx.doi.org/doi:10.14288/1.0348726
https://dx.doi.org/doi:10.14288/1.0373479
https://dx.doi.org/doi:10.14288/1.0380676
https://dx.doi.org/doi:10.14288/1.0380678
https://dx.doi.org/doi:10.14288/1.0380679
https://dx.doi.org/doi:10.14288/1.0380680
https://dx.doi.org/doi:10.14288/1.0380682
https://dx.doi.org/doi:10.14288/1.0380684
https://dx.doi.org/doi:10.14288/1.0380687
https://dx.doi.org/doi:10.14288/1.0380685
https://dx.doi.org/doi:10.14288/1.0380689
https://dx.doi.org/doi:10.14288/1.0380690
https://dx.doi.org/doi:10.14288/1.0380706
https://dx.doi.org/doi:10.14288/1.0380707
https://dx.doi.org/doi:10.14288/1.0380710
https://dx.doi.org/doi:10.14288/1.0380709
https://dx.doi.org/doi:10.14288/1.0380723
https://dx.doi.org/doi:10.14288/1.0380725
https://dx.doi.org/doi:10.14288/1.0380724
https://dx.doi.org/doi:10.14288/1.0380733
https://dx.doi.org/doi:10.14288/1.0380736
https://dx.doi.org/doi:10.14288/1.0380739
https://dx.doi.org/doi:10.14288/1.0380740
https://dx.doi.org/doi:10.14288/1.0380785
https://dx.doi.org/doi:10.14288/1.0380791
https://dx.doi.org/doi:10.14288/1.0380793
https://dx.doi.org/doi:10.14288/1.0380794
https://dx.doi.org/doi:10.14288/1.0380796
https://dx.doi.org/doi:10.14288/1.0380797
https://dx.doi.org/doi:10.14288/1.0380801
https://dx.doi.org/doi:10.14288/1.0380802
https://dx.doi.org/doi:10.14288/1.0380803
https://dx.doi.org/doi:10.14288/1.0394749
https://dx.doi.org/doi:10.14288/1.0394750
https://dx.doi.org/doi:10.14288/1.0394752
https://dx.doi.org/doi:10.14288/1.0394751
https://dx.doi.org/doi:10.14288/1.0394753
https://dx.doi.org/doi:10.14288/1.0394754
https://dx.doi.org/doi:10.14288/1.0394755
https://dx.doi.org/doi:10.14288/1.0394756
https://dx.doi.org/doi:10.14288/1.0394757
https://dx.doi.org/doi:10.14288/1.0394758
https://dx.doi.org/doi:10.14288/1.0394759
https://dx.doi.org/doi:10.14288/1.0394760
https://dx.doi.org/doi:10.14288/1.0394761
https://dx.doi.org/doi:10.14288/1.0394769
https://dx.doi.org/doi:10.14288/1.0394762
https://dx.doi.org/doi:10.14288/1.0394763
https://dx.doi.org/doi:10.14288/1.0394770
https://dx.doi.org/doi:10.14288/1.0394817
https://dx.doi.org/doi:10.14288/1.0394771
https://dx.doi.org/doi:10.14288/1.0394818
https://dx.doi.org/doi:10.14288/1.0394819
https://dx.doi.org/doi:10.14288/1.0394820
https://dx.doi.org/doi:10.14288/1.0395448
https://dx.doi.org/doi:10.14288/1.0394821
https://dx.doi.org/doi:10.14288/1.0398732
https://dx.doi.org/doi:10.14288/1.0398733
https://dx.doi.org/doi:10.14288/1.0413652
https://dx.doi.org/doi:10.14288/1.0406111
https://dx.doi.org/doi:10.14288/1.0041720
https://dx.doi.org/doi:10.14288/1.0041737
https://dx.doi.org/doi:10.14288/1.0041750
https://dx.doi.org/doi:10.14288/1.0041752
https://dx.doi.org/doi:10.14288/1.0041753
https://dx.doi.org/doi:10.14288/1.0041754
https://dx.doi.org/doi:10.14288/1.0041757
https://dx.doi.org/doi:10.14288/1.0041758
https://dx.doi.org/doi:10.14288/1.0041761
https://dx.doi.org/doi:10.14288/1.0042692
https://dx.doi.org/doi:10.14288/1.0075813
https://dx.doi.org/doi:10.14288/1.0077816
https://dx.doi.org/doi:10.14288/1.0077814
https://dx.doi.org/doi:10.14288/1.0077819
https://dx.doi.org/doi:10.14288/1.0077820
https://dx.doi.org/doi:10.14288/1.0077875
https://dx.doi.org/doi:10.14288/1.0077878
https://dx.doi.org/doi:10.14288/1.0077879
https://dx.doi.org/doi:10.14288/1.0103202
https://dx.doi.org/doi:10.14288/1.0355658
https://dx.doi.org/doi:10.14288/1.0377283
https://dx.doi.org/doi:10.14288/1.0392784
https://dx.doi.org/doi:10.14288/1.0400906
https://dx.doi.org/doi:10.14288/1.0403357
https://dx.doi.org/doi:10.14288/1.0305684
https://dx.doi.org/doi:10.14288/1.0397501
https://dx.doi.org/doi:10.14288/1.0052299
https://dx.doi.org/doi:10.14288/1.0052302
https://dx.doi.org/doi:10.14288/1.0052304
https://dx.doi.org/doi:10.14288/1.0052305
https://dx.doi.org/doi:10.14288/1.0052307
https://dx.doi.org/doi:10.14288/1.0052308
https://dx.doi.org/doi:10.14288/1.0052310
https://dx.doi.org/doi:10.14288/1.0221243
https://dx.doi.org/doi:10.14288/1.0396535
https://dx.doi.org/doi:10.14288/1.0077821
https://dx.doi.org/doi:10.14288/1.0077822
https://dx.doi.org/doi:10.14288/1.0077827
https://dx.doi.org/doi:10.14288/1.0077830
https://dx.doi.org/doi:10.14288/1.0077829
https://dx.doi.org/doi:10.14288/1.0077835
https://dx.doi.org/doi:10.14288/1.0077837
https://dx.doi.org/doi:10.14288/1.0077844
https://dx.doi.org/doi:10.14288/1.0077865
https://dx.doi.org/doi:10.14288/1.0077867
https://dx.doi.org/doi:10.14288/1.0077872
https://dx.doi.org/doi:10.14288/1.0077874
https://dx.doi.org/doi:10.14288/1.0077880
https://dx.doi.org/doi:10.14288/1.0077883
https://dx.doi.org/doi:10.14288/1.0228446
https://dx.doi.org/doi:10.14288/1.0379840
https://dx.doi.org/doi:10.14288/1.0379842
https://dx.doi.org/doi:10.14288/1.0379848
https://dx.doi.org/doi:10.14288/1.0379849
https://dx.doi.org/doi:10.14288/1.0379850
https://dx.doi.org/doi:10.14288/1.0379851
https://dx.doi.org/doi:10.14288/1.0380177
https://dx.doi.org/doi:10.14288/1.0390876
https://dx.doi.org/doi:10.14288/1.0390880
https://dx.doi.org/doi:10.14288/1.0391831
https://dx.doi.org/doi:10.14288/1.0391834
https://dx.doi.org/doi:10.14288/1.0389829
https://dx.doi.org/doi:10.14288/1.0389830
https://dx.doi.org/doi:10.14288/1.0389837
https://dx.doi.org/doi:10.14288/1.0389839
https://dx.doi.org/doi:10.14288/1.0389841
https://dx.doi.org/doi:10.14288/1.0389845
https://dx.doi.org/doi:10.14288/1.0389846
https://dx.doi.org/doi:10.14288/1.0389848
https://dx.doi.org/doi:10.14288/1.0389850
https://dx.doi.org/doi:10.14288/1.0389853
https://dx.doi.org/doi:10.14288/1.0389854
https://dx.doi.org/doi:10.14288/1.0389855
https://dx.doi.org/doi:10.14288/1.0389858
https://dx.doi.org/doi:10.14288/1.0389857
https://dx.doi.org/doi:10.14288/1.0389856
https://dx.doi.org/doi:10.14288/1.0389859
https://dx.doi.org/doi:10.14288/1.0389861
https://dx.doi.org/doi:10.14288/1.0389860
https://dx.doi.org/doi:10.14288/1.0389862
https://dx.doi.org/doi:10.14288/1.0389863
https://dx.doi.org/doi:10.14288/1.0389865
https://dx.doi.org/doi:10.14288/1.0389864
https://dx.doi.org/doi:10.14288/1.0389867
https://dx.doi.org/doi:10.14288/1.0389868
https://dx.doi.org/doi:10.14288/1.0389869
https://dx.doi.org/doi:10.14288/1.0389871
https://dx.doi.org/doi:10.14288/1.0389873
https://dx.doi.org/doi:10.14288/1.0389900
https://dx.doi.org/doi:10.14288/1.0389902
https://dx.doi.org/doi:10.14288/1.0389903
https://dx.doi.org/doi:10.14288/1.0389904
https://dx.doi.org/doi:10.14288/1.0389910
https://dx.doi.org/doi:10.14288/1.0394926
https://dx.doi.org/doi:10.14288/1.0394925
https://dx.doi.org/doi:10.14288/1.0394986
https://dx.doi.org/doi:10.14288/1.0395805
https://dx.doi.org/doi:10.14288/1.0395701
https://dx.doi.org/doi:10.14288/1.0395834
https://dx.doi.org/doi:10.14288/1.0396428
https://dx.doi.org/doi:10.14288/1.0406653
https://dx.doi.org/doi:10.14288/1.0421632
https://dx.doi.org/doi:10.14288/1.0397214
https://dx.doi.org/doi:10.14288/1.0397215
https://dx.doi.org/doi:10.14288/1.0397239
https://dx.doi.org/doi:10.14288/1.0397241
https://dx.doi.org/doi:10.14288/1.0397243
https://dx.doi.org/doi:10.14288/1.0397244
https://dx.doi.org/doi:10.14288/1.0397371
https://dx.doi.org/doi:10.14288/1.0397245
https://dx.doi.org/doi:10.14288/1.0397372
https://dx.doi.org/doi:10.14288/1.0397374
https://dx.doi.org/doi:10.14288/1.0397375
https://dx.doi.org/doi:10.14288/1.0397376
https://dx.doi.org/doi:10.14288/1.0397377
https://dx.doi.org/doi:10.14288/1.0397379
https://dx.doi.org/doi:10.14288/1.0397378
https://dx.doi.org/doi:10.14288/1.0397380
https://dx.doi.org/doi:10.14288/1.0397382
https://dx.doi.org/doi:10.14288/1.0397381


